[2026-05-17 05:25:43] local.ERROR: SQLSTATE[HY000] [1045] Access denied for user 'root'@'localhost' (using password: NO) (Connection: mysql, Host: 127.0.0.1, Port: 3306, Database: eduex_full, SQL: select exists (select 1 from information_schema.tables where table_schema = schema() and table_name = 'platform_settings' and table_type in ('BASE TABLE', 'SYSTEM VERSIONED')) as `exists`) {"exception":"[object] (Illuminate\\Database\\QueryException(code: 1045): SQLSTATE[HY000] [1045] Access denied for user 'root'@'localhost' (using password: NO) (Connection: mysql, Host: 127.0.0.1, Port: 3306, Database: eduex_full, SQL: select exists (select 1 from information_schema.tables where table_schema = schema() and table_name = 'platform_settings' and table_type in ('BASE TABLE', 'SYSTEM VERSIONED')) as `exists`) at /home/uxtbuquy/public_html/kcplacademy.kartikcomtech.in/vendor/laravel/framework/src/Illuminate/Database/Connection.php:838)
[stacktrace]
#0 /home/uxtbuquy/public_html/kcplacademy.kartikcomtech.in/vendor/laravel/framework/src/Illuminate/Database/Connection.php(999): Illuminate\\Database\\Connection->runQueryCallback('select exists (...', Array, Object(Closure))
#1 /home/uxtbuquy/public_html/kcplacademy.kartikcomtech.in/vendor/laravel/framework/src/Illuminate/Database/Connection.php(978): Illuminate\\Database\\Connection->tryAgainIfCausedByLostConnection(Object(Illuminate\\Database\\QueryException), 'select exists (...', Array, Object(Closure))
#2 /home/uxtbuquy/public_html/kcplacademy.kartikcomtech.in/vendor/laravel/framework/src/Illuminate/Database/Connection.php(796): Illuminate\\Database\\Connection->handleQueryException(Object(Illuminate\\Database\\QueryException), 'select exists (...', Array, Object(Closure))
#3 /home/uxtbuquy/public_html/kcplacademy.kartikcomtech.in/vendor/laravel/framework/src/Illuminate/Database/Connection.php(411): Illuminate\\Database\\Connection->run('select exists (...', Array, Object(Closure))
#4 /home/uxtbuquy/public_html/kcplacademy.kartikcomtech.in/vendor/laravel/framework/src/Illuminate/Database/Connection.php(357): Illuminate\\Database\\Connection->select('select exists (...', Array, true)
#5 /home/uxtbuquy/public_html/kcplacademy.kartikcomtech.in/vendor/laravel/framework/src/Illuminate/Database/Connection.php(374): Illuminate\\Database\\Connection->selectOne('select exists (...', Array, true)
#6 /home/uxtbuquy/public_html/kcplacademy.kartikcomtech.in/vendor/laravel/framework/src/Illuminate/Database/Schema/Builder.php(176): Illuminate\\Database\\Connection->scalar('select exists (...')
#7 /home/uxtbuquy/public_html/kcplacademy.kartikcomtech.in/vendor/laravel/framework/src/Illuminate/Support/Facades/Facade.php(363): Illuminate\\Database\\Schema\\Builder->hasTable('platform_settin...')
#8 /home/uxtbuquy/public_html/kcplacademy.kartikcomtech.in/app/Providers/AppServiceProvider.php(197): Illuminate\\Support\\Facades\\Facade::__callStatic('hasTable', Array)
#9 /home/uxtbuquy/public_html/kcplacademy.kartikcomtech.in/app/Providers/AppServiceProvider.php(80): App\\Providers\\AppServiceProvider->settingsTablesAreReady()
#10 /home/uxtbuquy/public_html/kcplacademy.kartikcomtech.in/vendor/laravel/framework/src/Illuminate/Container/BoundMethod.php(36): App\\Providers\\AppServiceProvider->boot()
#11 /home/uxtbuquy/public_html/kcplacademy.kartikcomtech.in/vendor/laravel/framework/src/Illuminate/Container/Util.php(43): Illuminate\\Container\\BoundMethod::Illuminate\\Container\\{closure}()
#12 /home/uxtbuquy/public_html/kcplacademy.kartikcomtech.in/vendor/laravel/framework/src/Illuminate/Container/BoundMethod.php(96): Illuminate\\Container\\Util::unwrapIfClosure(Object(Closure))
#13 /home/uxtbuquy/public_html/kcplacademy.kartikcomtech.in/vendor/laravel/framework/src/Illuminate/Container/BoundMethod.php(35): Illuminate\\Container\\BoundMethod::callBoundMethod(Object(Illuminate\\Foundation\\Application), Array, Object(Closure))
#14 /home/uxtbuquy/public_html/kcplacademy.kartikcomtech.in/vendor/laravel/framework/src/Illuminate/Container/Container.php(799): Illuminate\\Container\\BoundMethod::call(Object(Illuminate\\Foundation\\Application), Array, Array, NULL)
#15 /home/uxtbuquy/public_html/kcplacademy.kartikcomtech.in/vendor/laravel/framework/src/Illuminate/Foundation/Application.php(1151): Illuminate\\Container\\Container->call(Array)
#16 /home/uxtbuquy/public_html/kcplacademy.kartikcomtech.in/vendor/laravel/framework/src/Illuminate/Foundation/Application.php(1132): Illuminate\\Foundation\\Application->bootProvider(Object(App\\Providers\\AppServiceProvider))
#17 [internal function]: Illuminate\\Foundation\\Application->Illuminate\\Foundation\\{closure}(Object(App\\Providers\\AppServiceProvider), 'App\\\\Providers\\\\A...')
#18 /home/uxtbuquy/public_html/kcplacademy.kartikcomtech.in/vendor/laravel/framework/src/Illuminate/Foundation/Application.php(1131): array_walk(Array, Object(Closure))
#19 /home/uxtbuquy/public_html/kcplacademy.kartikcomtech.in/vendor/laravel/framework/src/Illuminate/Foundation/Bootstrap/BootProviders.php(17): Illuminate\\Foundation\\Application->boot()
#20 /home/uxtbuquy/public_html/kcplacademy.kartikcomtech.in/vendor/laravel/framework/src/Illuminate/Foundation/Application.php(342): Illuminate\\Foundation\\Bootstrap\\BootProviders->bootstrap(Object(Illuminate\\Foundation\\Application))
#21 /home/uxtbuquy/public_html/kcplacademy.kartikcomtech.in/vendor/laravel/framework/src/Illuminate/Foundation/Http/Kernel.php(186): Illuminate\\Foundation\\Application->bootstrapWith(Array)
#22 /home/uxtbuquy/public_html/kcplacademy.kartikcomtech.in/vendor/laravel/framework/src/Illuminate/Foundation/Http/Kernel.php(170): Illuminate\\Foundation\\Http\\Kernel->bootstrap()
#23 /home/uxtbuquy/public_html/kcplacademy.kartikcomtech.in/vendor/laravel/framework/src/Illuminate/Foundation/Http/Kernel.php(144): Illuminate\\Foundation\\Http\\Kernel->sendRequestThroughRouter(Object(Illuminate\\Http\\Request))
#24 /home/uxtbuquy/public_html/kcplacademy.kartikcomtech.in/vendor/laravel/framework/src/Illuminate/Foundation/Application.php(1220): Illuminate\\Foundation\\Http\\Kernel->handle(Object(Illuminate\\Http\\Request))
#25 /home/uxtbuquy/public_html/kcplacademy.kartikcomtech.in/public/index.php(20): Illuminate\\Foundation\\Application->handleRequest(Object(Illuminate\\Http\\Request))
#26 {main}

[previous exception] [object] (PDOException(code: 1045): SQLSTATE[HY000] [1045] Access denied for user 'root'@'localhost' (using password: NO) at /home/uxtbuquy/public_html/kcplacademy.kartikcomtech.in/vendor/laravel/framework/src/Illuminate/Database/Connectors/Connector.php:66)
[stacktrace]
#0 /home/uxtbuquy/public_html/kcplacademy.kartikcomtech.in/vendor/laravel/framework/src/Illuminate/Database/Connectors/Connector.php(66): PDO->__construct('mysql:host=127....', 'root', Object(SensitiveParameterValue), Array)
#1 /home/uxtbuquy/public_html/kcplacademy.kartikcomtech.in/vendor/laravel/framework/src/Illuminate/Database/Connectors/Connector.php(85): Illuminate\\Database\\Connectors\\Connector->createPdoConnection('mysql:host=127....', 'root', Object(SensitiveParameterValue), Array)
#2 /home/uxtbuquy/public_html/kcplacademy.kartikcomtech.in/vendor/laravel/framework/src/Illuminate/Database/Connectors/Connector.php(48): Illuminate\\Database\\Connectors\\Connector->tryAgainIfCausedByLostConnection(Object(PDOException), 'mysql:host=127....', 'root', Object(SensitiveParameterValue), Array)
#3 /home/uxtbuquy/public_html/kcplacademy.kartikcomtech.in/vendor/laravel/framework/src/Illuminate/Database/Connectors/MySqlConnector.php(24): Illuminate\\Database\\Connectors\\Connector->createConnection('mysql:host=127....', Array, Array)
#4 /home/uxtbuquy/public_html/kcplacademy.kartikcomtech.in/vendor/laravel/framework/src/Illuminate/Database/Connectors/ConnectionFactory.php(186): Illuminate\\Database\\Connectors\\MySqlConnector->connect(Array)
#5 [internal function]: Illuminate\\Database\\Connectors\\ConnectionFactory->Illuminate\\Database\\Connectors\\{closure}()
#6 /home/uxtbuquy/public_html/kcplacademy.kartikcomtech.in/vendor/laravel/framework/src/Illuminate/Database/Connection.php(1257): call_user_func(Object(Closure))
#7 /home/uxtbuquy/public_html/kcplacademy.kartikcomtech.in/vendor/laravel/framework/src/Illuminate/Database/Connection.php(1295): Illuminate\\Database\\Connection->getPdo()
#8 /home/uxtbuquy/public_html/kcplacademy.kartikcomtech.in/vendor/laravel/framework/src/Illuminate/Database/Connection.php(525): Illuminate\\Database\\Connection->getReadPdo()
#9 /home/uxtbuquy/public_html/kcplacademy.kartikcomtech.in/vendor/laravel/framework/src/Illuminate/Database/Connection.php(420): Illuminate\\Database\\Connection->getPdoForSelect(true)
#10 /home/uxtbuquy/public_html/kcplacademy.kartikcomtech.in/vendor/laravel/framework/src/Illuminate/Database/Connection.php(827): Illuminate\\Database\\Connection->Illuminate\\Database\\{closure}('select exists (...', Array)
#11 /home/uxtbuquy/public_html/kcplacademy.kartikcomtech.in/vendor/laravel/framework/src/Illuminate/Database/Connection.php(999): Illuminate\\Database\\Connection->runQueryCallback('select exists (...', Array, Object(Closure))
#12 /home/uxtbuquy/public_html/kcplacademy.kartikcomtech.in/vendor/laravel/framework/src/Illuminate/Database/Connection.php(978): Illuminate\\Database\\Connection->tryAgainIfCausedByLostConnection(Object(Illuminate\\Database\\QueryException), 'select exists (...', Array, Object(Closure))
#13 /home/uxtbuquy/public_html/kcplacademy.kartikcomtech.in/vendor/laravel/framework/src/Illuminate/Database/Connection.php(796): Illuminate\\Database\\Connection->handleQueryException(Object(Illuminate\\Database\\QueryException), 'select exists (...', Array, Object(Closure))
#14 /home/uxtbuquy/public_html/kcplacademy.kartikcomtech.in/vendor/laravel/framework/src/Illuminate/Database/Connection.php(411): Illuminate\\Database\\Connection->run('select exists (...', Array, Object(Closure))
#15 /home/uxtbuquy/public_html/kcplacademy.kartikcomtech.in/vendor/laravel/framework/src/Illuminate/Database/Connection.php(357): Illuminate\\Database\\Connection->select('select exists (...', Array, true)
#16 /home/uxtbuquy/public_html/kcplacademy.kartikcomtech.in/vendor/laravel/framework/src/Illuminate/Database/Connection.php(374): Illuminate\\Database\\Connection->selectOne('select exists (...', Array, true)
#17 /home/uxtbuquy/public_html/kcplacademy.kartikcomtech.in/vendor/laravel/framework/src/Illuminate/Database/Schema/Builder.php(176): Illuminate\\Database\\Connection->scalar('select exists (...')
#18 /home/uxtbuquy/public_html/kcplacademy.kartikcomtech.in/vendor/laravel/framework/src/Illuminate/Support/Facades/Facade.php(363): Illuminate\\Database\\Schema\\Builder->hasTable('platform_settin...')
#19 /home/uxtbuquy/public_html/kcplacademy.kartikcomtech.in/app/Providers/AppServiceProvider.php(197): Illuminate\\Support\\Facades\\Facade::__callStatic('hasTable', Array)
#20 /home/uxtbuquy/public_html/kcplacademy.kartikcomtech.in/app/Providers/AppServiceProvider.php(80): App\\Providers\\AppServiceProvider->settingsTablesAreReady()
#21 /home/uxtbuquy/public_html/kcplacademy.kartikcomtech.in/vendor/laravel/framework/src/Illuminate/Container/BoundMethod.php(36): App\\Providers\\AppServiceProvider->boot()
#22 /home/uxtbuquy/public_html/kcplacademy.kartikcomtech.in/vendor/laravel/framework/src/Illuminate/Container/Util.php(43): Illuminate\\Container\\BoundMethod::Illuminate\\Container\\{closure}()
#23 /home/uxtbuquy/public_html/kcplacademy.kartikcomtech.in/vendor/laravel/framework/src/Illuminate/Container/BoundMethod.php(96): Illuminate\\Container\\Util::unwrapIfClosure(Object(Closure))
#24 /home/uxtbuquy/public_html/kcplacademy.kartikcomtech.in/vendor/laravel/framework/src/Illuminate/Container/BoundMethod.php(35): Illuminate\\Container\\BoundMethod::callBoundMethod(Object(Illuminate\\Foundation\\Application), Array, Object(Closure))
#25 /home/uxtbuquy/public_html/kcplacademy.kartikcomtech.in/vendor/laravel/framework/src/Illuminate/Container/Container.php(799): Illuminate\\Container\\BoundMethod::call(Object(Illuminate\\Foundation\\Application), Array, Array, NULL)
#26 /home/uxtbuquy/public_html/kcplacademy.kartikcomtech.in/vendor/laravel/framework/src/Illuminate/Foundation/Application.php(1151): Illuminate\\Container\\Container->call(Array)
#27 /home/uxtbuquy/public_html/kcplacademy.kartikcomtech.in/vendor/laravel/framework/src/Illuminate/Foundation/Application.php(1132): Illuminate\\Foundation\\Application->bootProvider(Object(App\\Providers\\AppServiceProvider))
#28 [internal function]: Illuminate\\Foundation\\Application->Illuminate\\Foundation\\{closure}(Object(App\\Providers\\AppServiceProvider), 'App\\\\Providers\\\\A...')
#29 /home/uxtbuquy/public_html/kcplacademy.kartikcomtech.in/vendor/laravel/framework/src/Illuminate/Foundation/Application.php(1131): array_walk(Array, Object(Closure))
#30 /home/uxtbuquy/public_html/kcplacademy.kartikcomtech.in/vendor/laravel/framework/src/Illuminate/Foundation/Bootstrap/BootProviders.php(17): Illuminate\\Foundation\\Application->boot()
#31 /home/uxtbuquy/public_html/kcplacademy.kartikcomtech.in/vendor/laravel/framework/src/Illuminate/Foundation/Application.php(342): Illuminate\\Foundation\\Bootstrap\\BootProviders->bootstrap(Object(Illuminate\\Foundation\\Application))
#32 /home/uxtbuquy/public_html/kcplacademy.kartikcomtech.in/vendor/laravel/framework/src/Illuminate/Foundation/Http/Kernel.php(186): Illuminate\\Foundation\\Application->bootstrapWith(Array)
#33 /home/uxtbuquy/public_html/kcplacademy.kartikcomtech.in/vendor/laravel/framework/src/Illuminate/Foundation/Http/Kernel.php(170): Illuminate\\Foundation\\Http\\Kernel->bootstrap()
#34 /home/uxtbuquy/public_html/kcplacademy.kartikcomtech.in/vendor/laravel/framework/src/Illuminate/Foundation/Http/Kernel.php(144): Illuminate\\Foundation\\Http\\Kernel->sendRequestThroughRouter(Object(Illuminate\\Http\\Request))
#35 /home/uxtbuquy/public_html/kcplacademy.kartikcomtech.in/vendor/laravel/framework/src/Illuminate/Foundation/Application.php(1220): Illuminate\\Foundation\\Http\\Kernel->handle(Object(Illuminate\\Http\\Request))
#36 /home/uxtbuquy/public_html/kcplacademy.kartikcomtech.in/public/index.php(20): Illuminate\\Foundation\\Application->handleRequest(Object(Illuminate\\Http\\Request))
#37 {main}
"} 
[2026-05-17 05:25:43] local.ERROR: SQLSTATE[HY000] [1045] Access denied for user 'root'@'localhost' (using password: NO) (Connection: mysql, Host: 127.0.0.1, Port: 3306, Database: eduex_full, SQL: select exists (select 1 from information_schema.tables where table_schema = schema() and table_name = 'platform_settings' and table_type in ('BASE TABLE', 'SYSTEM VERSIONED')) as `exists`) {"exception":"[object] (Illuminate\\Database\\QueryException(code: 1045): SQLSTATE[HY000] [1045] Access denied for user 'root'@'localhost' (using password: NO) (Connection: mysql, Host: 127.0.0.1, Port: 3306, Database: eduex_full, SQL: select exists (select 1 from information_schema.tables where table_schema = schema() and table_name = 'platform_settings' and table_type in ('BASE TABLE', 'SYSTEM VERSIONED')) as `exists`) at /home/uxtbuquy/public_html/kcplacademy.kartikcomtech.in/vendor/laravel/framework/src/Illuminate/Database/Connection.php:838)
[stacktrace]
#0 /home/uxtbuquy/public_html/kcplacademy.kartikcomtech.in/vendor/laravel/framework/src/Illuminate/Database/Connection.php(999): Illuminate\\Database\\Connection->runQueryCallback('select exists (...', Array, Object(Closure))
#1 /home/uxtbuquy/public_html/kcplacademy.kartikcomtech.in/vendor/laravel/framework/src/Illuminate/Database/Connection.php(978): Illuminate\\Database\\Connection->tryAgainIfCausedByLostConnection(Object(Illuminate\\Database\\QueryException), 'select exists (...', Array, Object(Closure))
#2 /home/uxtbuquy/public_html/kcplacademy.kartikcomtech.in/vendor/laravel/framework/src/Illuminate/Database/Connection.php(796): Illuminate\\Database\\Connection->handleQueryException(Object(Illuminate\\Database\\QueryException), 'select exists (...', Array, Object(Closure))
#3 /home/uxtbuquy/public_html/kcplacademy.kartikcomtech.in/vendor/laravel/framework/src/Illuminate/Database/Connection.php(411): Illuminate\\Database\\Connection->run('select exists (...', Array, Object(Closure))
#4 /home/uxtbuquy/public_html/kcplacademy.kartikcomtech.in/vendor/laravel/framework/src/Illuminate/Database/Connection.php(357): Illuminate\\Database\\Connection->select('select exists (...', Array, true)
#5 /home/uxtbuquy/public_html/kcplacademy.kartikcomtech.in/vendor/laravel/framework/src/Illuminate/Database/Connection.php(374): Illuminate\\Database\\Connection->selectOne('select exists (...', Array, true)
#6 /home/uxtbuquy/public_html/kcplacademy.kartikcomtech.in/vendor/laravel/framework/src/Illuminate/Database/Schema/Builder.php(176): Illuminate\\Database\\Connection->scalar('select exists (...')
#7 /home/uxtbuquy/public_html/kcplacademy.kartikcomtech.in/vendor/laravel/framework/src/Illuminate/Support/Facades/Facade.php(363): Illuminate\\Database\\Schema\\Builder->hasTable('platform_settin...')
#8 /home/uxtbuquy/public_html/kcplacademy.kartikcomtech.in/app/Providers/AppServiceProvider.php(197): Illuminate\\Support\\Facades\\Facade::__callStatic('hasTable', Array)
#9 /home/uxtbuquy/public_html/kcplacademy.kartikcomtech.in/app/Providers/AppServiceProvider.php(80): App\\Providers\\AppServiceProvider->settingsTablesAreReady()
#10 /home/uxtbuquy/public_html/kcplacademy.kartikcomtech.in/vendor/laravel/framework/src/Illuminate/Container/BoundMethod.php(36): App\\Providers\\AppServiceProvider->boot()
#11 /home/uxtbuquy/public_html/kcplacademy.kartikcomtech.in/vendor/laravel/framework/src/Illuminate/Container/Util.php(43): Illuminate\\Container\\BoundMethod::Illuminate\\Container\\{closure}()
#12 /home/uxtbuquy/public_html/kcplacademy.kartikcomtech.in/vendor/laravel/framework/src/Illuminate/Container/BoundMethod.php(96): Illuminate\\Container\\Util::unwrapIfClosure(Object(Closure))
#13 /home/uxtbuquy/public_html/kcplacademy.kartikcomtech.in/vendor/laravel/framework/src/Illuminate/Container/BoundMethod.php(35): Illuminate\\Container\\BoundMethod::callBoundMethod(Object(Illuminate\\Foundation\\Application), Array, Object(Closure))
#14 /home/uxtbuquy/public_html/kcplacademy.kartikcomtech.in/vendor/laravel/framework/src/Illuminate/Container/Container.php(799): Illuminate\\Container\\BoundMethod::call(Object(Illuminate\\Foundation\\Application), Array, Array, NULL)
#15 /home/uxtbuquy/public_html/kcplacademy.kartikcomtech.in/vendor/laravel/framework/src/Illuminate/Foundation/Application.php(1151): Illuminate\\Container\\Container->call(Array)
#16 /home/uxtbuquy/public_html/kcplacademy.kartikcomtech.in/vendor/laravel/framework/src/Illuminate/Foundation/Application.php(1132): Illuminate\\Foundation\\Application->bootProvider(Object(App\\Providers\\AppServiceProvider))
#17 [internal function]: Illuminate\\Foundation\\Application->Illuminate\\Foundation\\{closure}(Object(App\\Providers\\AppServiceProvider), 'App\\\\Providers\\\\A...')
#18 /home/uxtbuquy/public_html/kcplacademy.kartikcomtech.in/vendor/laravel/framework/src/Illuminate/Foundation/Application.php(1131): array_walk(Array, Object(Closure))
#19 /home/uxtbuquy/public_html/kcplacademy.kartikcomtech.in/vendor/laravel/framework/src/Illuminate/Foundation/Bootstrap/BootProviders.php(17): Illuminate\\Foundation\\Application->boot()
#20 /home/uxtbuquy/public_html/kcplacademy.kartikcomtech.in/vendor/laravel/framework/src/Illuminate/Foundation/Application.php(342): Illuminate\\Foundation\\Bootstrap\\BootProviders->bootstrap(Object(Illuminate\\Foundation\\Application))
#21 /home/uxtbuquy/public_html/kcplacademy.kartikcomtech.in/vendor/laravel/framework/src/Illuminate/Foundation/Http/Kernel.php(186): Illuminate\\Foundation\\Application->bootstrapWith(Array)
#22 /home/uxtbuquy/public_html/kcplacademy.kartikcomtech.in/vendor/laravel/framework/src/Illuminate/Foundation/Http/Kernel.php(170): Illuminate\\Foundation\\Http\\Kernel->bootstrap()
#23 /home/uxtbuquy/public_html/kcplacademy.kartikcomtech.in/vendor/laravel/framework/src/Illuminate/Foundation/Http/Kernel.php(144): Illuminate\\Foundation\\Http\\Kernel->sendRequestThroughRouter(Object(Illuminate\\Http\\Request))
#24 /home/uxtbuquy/public_html/kcplacademy.kartikcomtech.in/vendor/laravel/framework/src/Illuminate/Foundation/Application.php(1220): Illuminate\\Foundation\\Http\\Kernel->handle(Object(Illuminate\\Http\\Request))
#25 /home/uxtbuquy/public_html/kcplacademy.kartikcomtech.in/public/index.php(20): Illuminate\\Foundation\\Application->handleRequest(Object(Illuminate\\Http\\Request))
#26 {main}

[previous exception] [object] (PDOException(code: 1045): SQLSTATE[HY000] [1045] Access denied for user 'root'@'localhost' (using password: NO) at /home/uxtbuquy/public_html/kcplacademy.kartikcomtech.in/vendor/laravel/framework/src/Illuminate/Database/Connectors/Connector.php:66)
[stacktrace]
#0 /home/uxtbuquy/public_html/kcplacademy.kartikcomtech.in/vendor/laravel/framework/src/Illuminate/Database/Connectors/Connector.php(66): PDO->__construct('mysql:host=127....', 'root', Object(SensitiveParameterValue), Array)
#1 /home/uxtbuquy/public_html/kcplacademy.kartikcomtech.in/vendor/laravel/framework/src/Illuminate/Database/Connectors/Connector.php(85): Illuminate\\Database\\Connectors\\Connector->createPdoConnection('mysql:host=127....', 'root', Object(SensitiveParameterValue), Array)
#2 /home/uxtbuquy/public_html/kcplacademy.kartikcomtech.in/vendor/laravel/framework/src/Illuminate/Database/Connectors/Connector.php(48): Illuminate\\Database\\Connectors\\Connector->tryAgainIfCausedByLostConnection(Object(PDOException), 'mysql:host=127....', 'root', Object(SensitiveParameterValue), Array)
#3 /home/uxtbuquy/public_html/kcplacademy.kartikcomtech.in/vendor/laravel/framework/src/Illuminate/Database/Connectors/MySqlConnector.php(24): Illuminate\\Database\\Connectors\\Connector->createConnection('mysql:host=127....', Array, Array)
#4 /home/uxtbuquy/public_html/kcplacademy.kartikcomtech.in/vendor/laravel/framework/src/Illuminate/Database/Connectors/ConnectionFactory.php(186): Illuminate\\Database\\Connectors\\MySqlConnector->connect(Array)
#5 [internal function]: Illuminate\\Database\\Connectors\\ConnectionFactory->Illuminate\\Database\\Connectors\\{closure}()
#6 /home/uxtbuquy/public_html/kcplacademy.kartikcomtech.in/vendor/laravel/framework/src/Illuminate/Database/Connection.php(1257): call_user_func(Object(Closure))
#7 /home/uxtbuquy/public_html/kcplacademy.kartikcomtech.in/vendor/laravel/framework/src/Illuminate/Database/Connection.php(1295): Illuminate\\Database\\Connection->getPdo()
#8 /home/uxtbuquy/public_html/kcplacademy.kartikcomtech.in/vendor/laravel/framework/src/Illuminate/Database/Connection.php(525): Illuminate\\Database\\Connection->getReadPdo()
#9 /home/uxtbuquy/public_html/kcplacademy.kartikcomtech.in/vendor/laravel/framework/src/Illuminate/Database/Connection.php(420): Illuminate\\Database\\Connection->getPdoForSelect(true)
#10 /home/uxtbuquy/public_html/kcplacademy.kartikcomtech.in/vendor/laravel/framework/src/Illuminate/Database/Connection.php(827): Illuminate\\Database\\Connection->Illuminate\\Database\\{closure}('select exists (...', Array)
#11 /home/uxtbuquy/public_html/kcplacademy.kartikcomtech.in/vendor/laravel/framework/src/Illuminate/Database/Connection.php(999): Illuminate\\Database\\Connection->runQueryCallback('select exists (...', Array, Object(Closure))
#12 /home/uxtbuquy/public_html/kcplacademy.kartikcomtech.in/vendor/laravel/framework/src/Illuminate/Database/Connection.php(978): Illuminate\\Database\\Connection->tryAgainIfCausedByLostConnection(Object(Illuminate\\Database\\QueryException), 'select exists (...', Array, Object(Closure))
#13 /home/uxtbuquy/public_html/kcplacademy.kartikcomtech.in/vendor/laravel/framework/src/Illuminate/Database/Connection.php(796): Illuminate\\Database\\Connection->handleQueryException(Object(Illuminate\\Database\\QueryException), 'select exists (...', Array, Object(Closure))
#14 /home/uxtbuquy/public_html/kcplacademy.kartikcomtech.in/vendor/laravel/framework/src/Illuminate/Database/Connection.php(411): Illuminate\\Database\\Connection->run('select exists (...', Array, Object(Closure))
#15 /home/uxtbuquy/public_html/kcplacademy.kartikcomtech.in/vendor/laravel/framework/src/Illuminate/Database/Connection.php(357): Illuminate\\Database\\Connection->select('select exists (...', Array, true)
#16 /home/uxtbuquy/public_html/kcplacademy.kartikcomtech.in/vendor/laravel/framework/src/Illuminate/Database/Connection.php(374): Illuminate\\Database\\Connection->selectOne('select exists (...', Array, true)
#17 /home/uxtbuquy/public_html/kcplacademy.kartikcomtech.in/vendor/laravel/framework/src/Illuminate/Database/Schema/Builder.php(176): Illuminate\\Database\\Connection->scalar('select exists (...')
#18 /home/uxtbuquy/public_html/kcplacademy.kartikcomtech.in/vendor/laravel/framework/src/Illuminate/Support/Facades/Facade.php(363): Illuminate\\Database\\Schema\\Builder->hasTable('platform_settin...')
#19 /home/uxtbuquy/public_html/kcplacademy.kartikcomtech.in/app/Providers/AppServiceProvider.php(197): Illuminate\\Support\\Facades\\Facade::__callStatic('hasTable', Array)
#20 /home/uxtbuquy/public_html/kcplacademy.kartikcomtech.in/app/Providers/AppServiceProvider.php(80): App\\Providers\\AppServiceProvider->settingsTablesAreReady()
#21 /home/uxtbuquy/public_html/kcplacademy.kartikcomtech.in/vendor/laravel/framework/src/Illuminate/Container/BoundMethod.php(36): App\\Providers\\AppServiceProvider->boot()
#22 /home/uxtbuquy/public_html/kcplacademy.kartikcomtech.in/vendor/laravel/framework/src/Illuminate/Container/Util.php(43): Illuminate\\Container\\BoundMethod::Illuminate\\Container\\{closure}()
#23 /home/uxtbuquy/public_html/kcplacademy.kartikcomtech.in/vendor/laravel/framework/src/Illuminate/Container/BoundMethod.php(96): Illuminate\\Container\\Util::unwrapIfClosure(Object(Closure))
#24 /home/uxtbuquy/public_html/kcplacademy.kartikcomtech.in/vendor/laravel/framework/src/Illuminate/Container/BoundMethod.php(35): Illuminate\\Container\\BoundMethod::callBoundMethod(Object(Illuminate\\Foundation\\Application), Array, Object(Closure))
#25 /home/uxtbuquy/public_html/kcplacademy.kartikcomtech.in/vendor/laravel/framework/src/Illuminate/Container/Container.php(799): Illuminate\\Container\\BoundMethod::call(Object(Illuminate\\Foundation\\Application), Array, Array, NULL)
#26 /home/uxtbuquy/public_html/kcplacademy.kartikcomtech.in/vendor/laravel/framework/src/Illuminate/Foundation/Application.php(1151): Illuminate\\Container\\Container->call(Array)
#27 /home/uxtbuquy/public_html/kcplacademy.kartikcomtech.in/vendor/laravel/framework/src/Illuminate/Foundation/Application.php(1132): Illuminate\\Foundation\\Application->bootProvider(Object(App\\Providers\\AppServiceProvider))
#28 [internal function]: Illuminate\\Foundation\\Application->Illuminate\\Foundation\\{closure}(Object(App\\Providers\\AppServiceProvider), 'App\\\\Providers\\\\A...')
#29 /home/uxtbuquy/public_html/kcplacademy.kartikcomtech.in/vendor/laravel/framework/src/Illuminate/Foundation/Application.php(1131): array_walk(Array, Object(Closure))
#30 /home/uxtbuquy/public_html/kcplacademy.kartikcomtech.in/vendor/laravel/framework/src/Illuminate/Foundation/Bootstrap/BootProviders.php(17): Illuminate\\Foundation\\Application->boot()
#31 /home/uxtbuquy/public_html/kcplacademy.kartikcomtech.in/vendor/laravel/framework/src/Illuminate/Foundation/Application.php(342): Illuminate\\Foundation\\Bootstrap\\BootProviders->bootstrap(Object(Illuminate\\Foundation\\Application))
#32 /home/uxtbuquy/public_html/kcplacademy.kartikcomtech.in/vendor/laravel/framework/src/Illuminate/Foundation/Http/Kernel.php(186): Illuminate\\Foundation\\Application->bootstrapWith(Array)
#33 /home/uxtbuquy/public_html/kcplacademy.kartikcomtech.in/vendor/laravel/framework/src/Illuminate/Foundation/Http/Kernel.php(170): Illuminate\\Foundation\\Http\\Kernel->bootstrap()
#34 /home/uxtbuquy/public_html/kcplacademy.kartikcomtech.in/vendor/laravel/framework/src/Illuminate/Foundation/Http/Kernel.php(144): Illuminate\\Foundation\\Http\\Kernel->sendRequestThroughRouter(Object(Illuminate\\Http\\Request))
#35 /home/uxtbuquy/public_html/kcplacademy.kartikcomtech.in/vendor/laravel/framework/src/Illuminate/Foundation/Application.php(1220): Illuminate\\Foundation\\Http\\Kernel->handle(Object(Illuminate\\Http\\Request))
#36 /home/uxtbuquy/public_html/kcplacademy.kartikcomtech.in/public/index.php(20): Illuminate\\Foundation\\Application->handleRequest(Object(Illuminate\\Http\\Request))
#37 {main}
"} 
[2026-05-17 05:25:43] local.ERROR: SQLSTATE[HY000] [1045] Access denied for user 'root'@'localhost' (using password: NO) (Connection: mysql, Host: 127.0.0.1, Port: 3306, Database: eduex_full, SQL: select exists (select 1 from information_schema.tables where table_schema = schema() and table_name = 'platform_settings' and table_type in ('BASE TABLE', 'SYSTEM VERSIONED')) as `exists`) {"exception":"[object] (Illuminate\\Database\\QueryException(code: 1045): SQLSTATE[HY000] [1045] Access denied for user 'root'@'localhost' (using password: NO) (Connection: mysql, Host: 127.0.0.1, Port: 3306, Database: eduex_full, SQL: select exists (select 1 from information_schema.tables where table_schema = schema() and table_name = 'platform_settings' and table_type in ('BASE TABLE', 'SYSTEM VERSIONED')) as `exists`) at /home/uxtbuquy/public_html/kcplacademy.kartikcomtech.in/vendor/laravel/framework/src/Illuminate/Database/Connection.php:838)
[stacktrace]
#0 /home/uxtbuquy/public_html/kcplacademy.kartikcomtech.in/vendor/laravel/framework/src/Illuminate/Database/Connection.php(999): Illuminate\\Database\\Connection->runQueryCallback('select exists (...', Array, Object(Closure))
#1 /home/uxtbuquy/public_html/kcplacademy.kartikcomtech.in/vendor/laravel/framework/src/Illuminate/Database/Connection.php(978): Illuminate\\Database\\Connection->tryAgainIfCausedByLostConnection(Object(Illuminate\\Database\\QueryException), 'select exists (...', Array, Object(Closure))
#2 /home/uxtbuquy/public_html/kcplacademy.kartikcomtech.in/vendor/laravel/framework/src/Illuminate/Database/Connection.php(796): Illuminate\\Database\\Connection->handleQueryException(Object(Illuminate\\Database\\QueryException), 'select exists (...', Array, Object(Closure))
#3 /home/uxtbuquy/public_html/kcplacademy.kartikcomtech.in/vendor/laravel/framework/src/Illuminate/Database/Connection.php(411): Illuminate\\Database\\Connection->run('select exists (...', Array, Object(Closure))
#4 /home/uxtbuquy/public_html/kcplacademy.kartikcomtech.in/vendor/laravel/framework/src/Illuminate/Database/Connection.php(357): Illuminate\\Database\\Connection->select('select exists (...', Array, true)
#5 /home/uxtbuquy/public_html/kcplacademy.kartikcomtech.in/vendor/laravel/framework/src/Illuminate/Database/Connection.php(374): Illuminate\\Database\\Connection->selectOne('select exists (...', Array, true)
#6 /home/uxtbuquy/public_html/kcplacademy.kartikcomtech.in/vendor/laravel/framework/src/Illuminate/Database/Schema/Builder.php(176): Illuminate\\Database\\Connection->scalar('select exists (...')
#7 /home/uxtbuquy/public_html/kcplacademy.kartikcomtech.in/vendor/laravel/framework/src/Illuminate/Support/Facades/Facade.php(363): Illuminate\\Database\\Schema\\Builder->hasTable('platform_settin...')
#8 /home/uxtbuquy/public_html/kcplacademy.kartikcomtech.in/app/Providers/AppServiceProvider.php(197): Illuminate\\Support\\Facades\\Facade::__callStatic('hasTable', Array)
#9 /home/uxtbuquy/public_html/kcplacademy.kartikcomtech.in/app/Providers/AppServiceProvider.php(80): App\\Providers\\AppServiceProvider->settingsTablesAreReady()
#10 /home/uxtbuquy/public_html/kcplacademy.kartikcomtech.in/vendor/laravel/framework/src/Illuminate/Container/BoundMethod.php(36): App\\Providers\\AppServiceProvider->boot()
#11 /home/uxtbuquy/public_html/kcplacademy.kartikcomtech.in/vendor/laravel/framework/src/Illuminate/Container/Util.php(43): Illuminate\\Container\\BoundMethod::Illuminate\\Container\\{closure}()
#12 /home/uxtbuquy/public_html/kcplacademy.kartikcomtech.in/vendor/laravel/framework/src/Illuminate/Container/BoundMethod.php(96): Illuminate\\Container\\Util::unwrapIfClosure(Object(Closure))
#13 /home/uxtbuquy/public_html/kcplacademy.kartikcomtech.in/vendor/laravel/framework/src/Illuminate/Container/BoundMethod.php(35): Illuminate\\Container\\BoundMethod::callBoundMethod(Object(Illuminate\\Foundation\\Application), Array, Object(Closure))
#14 /home/uxtbuquy/public_html/kcplacademy.kartikcomtech.in/vendor/laravel/framework/src/Illuminate/Container/Container.php(799): Illuminate\\Container\\BoundMethod::call(Object(Illuminate\\Foundation\\Application), Array, Array, NULL)
#15 /home/uxtbuquy/public_html/kcplacademy.kartikcomtech.in/vendor/laravel/framework/src/Illuminate/Foundation/Application.php(1151): Illuminate\\Container\\Container->call(Array)
#16 /home/uxtbuquy/public_html/kcplacademy.kartikcomtech.in/vendor/laravel/framework/src/Illuminate/Foundation/Application.php(1132): Illuminate\\Foundation\\Application->bootProvider(Object(App\\Providers\\AppServiceProvider))
#17 [internal function]: Illuminate\\Foundation\\Application->Illuminate\\Foundation\\{closure}(Object(App\\Providers\\AppServiceProvider), 'App\\\\Providers\\\\A...')
#18 /home/uxtbuquy/public_html/kcplacademy.kartikcomtech.in/vendor/laravel/framework/src/Illuminate/Foundation/Application.php(1131): array_walk(Array, Object(Closure))
#19 /home/uxtbuquy/public_html/kcplacademy.kartikcomtech.in/vendor/laravel/framework/src/Illuminate/Foundation/Bootstrap/BootProviders.php(17): Illuminate\\Foundation\\Application->boot()
#20 /home/uxtbuquy/public_html/kcplacademy.kartikcomtech.in/vendor/laravel/framework/src/Illuminate/Foundation/Application.php(342): Illuminate\\Foundation\\Bootstrap\\BootProviders->bootstrap(Object(Illuminate\\Foundation\\Application))
#21 /home/uxtbuquy/public_html/kcplacademy.kartikcomtech.in/vendor/laravel/framework/src/Illuminate/Foundation/Http/Kernel.php(186): Illuminate\\Foundation\\Application->bootstrapWith(Array)
#22 /home/uxtbuquy/public_html/kcplacademy.kartikcomtech.in/vendor/laravel/framework/src/Illuminate/Foundation/Http/Kernel.php(170): Illuminate\\Foundation\\Http\\Kernel->bootstrap()
#23 /home/uxtbuquy/public_html/kcplacademy.kartikcomtech.in/vendor/laravel/framework/src/Illuminate/Foundation/Http/Kernel.php(144): Illuminate\\Foundation\\Http\\Kernel->sendRequestThroughRouter(Object(Illuminate\\Http\\Request))
#24 /home/uxtbuquy/public_html/kcplacademy.kartikcomtech.in/vendor/laravel/framework/src/Illuminate/Foundation/Application.php(1220): Illuminate\\Foundation\\Http\\Kernel->handle(Object(Illuminate\\Http\\Request))
#25 /home/uxtbuquy/public_html/kcplacademy.kartikcomtech.in/public/index.php(20): Illuminate\\Foundation\\Application->handleRequest(Object(Illuminate\\Http\\Request))
#26 {main}

[previous exception] [object] (PDOException(code: 1045): SQLSTATE[HY000] [1045] Access denied for user 'root'@'localhost' (using password: NO) at /home/uxtbuquy/public_html/kcplacademy.kartikcomtech.in/vendor/laravel/framework/src/Illuminate/Database/Connectors/Connector.php:66)
[stacktrace]
#0 /home/uxtbuquy/public_html/kcplacademy.kartikcomtech.in/vendor/laravel/framework/src/Illuminate/Database/Connectors/Connector.php(66): PDO->__construct('mysql:host=127....', 'root', Object(SensitiveParameterValue), Array)
#1 /home/uxtbuquy/public_html/kcplacademy.kartikcomtech.in/vendor/laravel/framework/src/Illuminate/Database/Connectors/Connector.php(85): Illuminate\\Database\\Connectors\\Connector->createPdoConnection('mysql:host=127....', 'root', Object(SensitiveParameterValue), Array)
#2 /home/uxtbuquy/public_html/kcplacademy.kartikcomtech.in/vendor/laravel/framework/src/Illuminate/Database/Connectors/Connector.php(48): Illuminate\\Database\\Connectors\\Connector->tryAgainIfCausedByLostConnection(Object(PDOException), 'mysql:host=127....', 'root', Object(SensitiveParameterValue), Array)
#3 /home/uxtbuquy/public_html/kcplacademy.kartikcomtech.in/vendor/laravel/framework/src/Illuminate/Database/Connectors/MySqlConnector.php(24): Illuminate\\Database\\Connectors\\Connector->createConnection('mysql:host=127....', Array, Array)
#4 /home/uxtbuquy/public_html/kcplacademy.kartikcomtech.in/vendor/laravel/framework/src/Illuminate/Database/Connectors/ConnectionFactory.php(186): Illuminate\\Database\\Connectors\\MySqlConnector->connect(Array)
#5 [internal function]: Illuminate\\Database\\Connectors\\ConnectionFactory->Illuminate\\Database\\Connectors\\{closure}()
#6 /home/uxtbuquy/public_html/kcplacademy.kartikcomtech.in/vendor/laravel/framework/src/Illuminate/Database/Connection.php(1257): call_user_func(Object(Closure))
#7 /home/uxtbuquy/public_html/kcplacademy.kartikcomtech.in/vendor/laravel/framework/src/Illuminate/Database/Connection.php(1295): Illuminate\\Database\\Connection->getPdo()
#8 /home/uxtbuquy/public_html/kcplacademy.kartikcomtech.in/vendor/laravel/framework/src/Illuminate/Database/Connection.php(525): Illuminate\\Database\\Connection->getReadPdo()
#9 /home/uxtbuquy/public_html/kcplacademy.kartikcomtech.in/vendor/laravel/framework/src/Illuminate/Database/Connection.php(420): Illuminate\\Database\\Connection->getPdoForSelect(true)
#10 /home/uxtbuquy/public_html/kcplacademy.kartikcomtech.in/vendor/laravel/framework/src/Illuminate/Database/Connection.php(827): Illuminate\\Database\\Connection->Illuminate\\Database\\{closure}('select exists (...', Array)
#11 /home/uxtbuquy/public_html/kcplacademy.kartikcomtech.in/vendor/laravel/framework/src/Illuminate/Database/Connection.php(999): Illuminate\\Database\\Connection->runQueryCallback('select exists (...', Array, Object(Closure))
#12 /home/uxtbuquy/public_html/kcplacademy.kartikcomtech.in/vendor/laravel/framework/src/Illuminate/Database/Connection.php(978): Illuminate\\Database\\Connection->tryAgainIfCausedByLostConnection(Object(Illuminate\\Database\\QueryException), 'select exists (...', Array, Object(Closure))
#13 /home/uxtbuquy/public_html/kcplacademy.kartikcomtech.in/vendor/laravel/framework/src/Illuminate/Database/Connection.php(796): Illuminate\\Database\\Connection->handleQueryException(Object(Illuminate\\Database\\QueryException), 'select exists (...', Array, Object(Closure))
#14 /home/uxtbuquy/public_html/kcplacademy.kartikcomtech.in/vendor/laravel/framework/src/Illuminate/Database/Connection.php(411): Illuminate\\Database\\Connection->run('select exists (...', Array, Object(Closure))
#15 /home/uxtbuquy/public_html/kcplacademy.kartikcomtech.in/vendor/laravel/framework/src/Illuminate/Database/Connection.php(357): Illuminate\\Database\\Connection->select('select exists (...', Array, true)
#16 /home/uxtbuquy/public_html/kcplacademy.kartikcomtech.in/vendor/laravel/framework/src/Illuminate/Database/Connection.php(374): Illuminate\\Database\\Connection->selectOne('select exists (...', Array, true)
#17 /home/uxtbuquy/public_html/kcplacademy.kartikcomtech.in/vendor/laravel/framework/src/Illuminate/Database/Schema/Builder.php(176): Illuminate\\Database\\Connection->scalar('select exists (...')
#18 /home/uxtbuquy/public_html/kcplacademy.kartikcomtech.in/vendor/laravel/framework/src/Illuminate/Support/Facades/Facade.php(363): Illuminate\\Database\\Schema\\Builder->hasTable('platform_settin...')
#19 /home/uxtbuquy/public_html/kcplacademy.kartikcomtech.in/app/Providers/AppServiceProvider.php(197): Illuminate\\Support\\Facades\\Facade::__callStatic('hasTable', Array)
#20 /home/uxtbuquy/public_html/kcplacademy.kartikcomtech.in/app/Providers/AppServiceProvider.php(80): App\\Providers\\AppServiceProvider->settingsTablesAreReady()
#21 /home/uxtbuquy/public_html/kcplacademy.kartikcomtech.in/vendor/laravel/framework/src/Illuminate/Container/BoundMethod.php(36): App\\Providers\\AppServiceProvider->boot()
#22 /home/uxtbuquy/public_html/kcplacademy.kartikcomtech.in/vendor/laravel/framework/src/Illuminate/Container/Util.php(43): Illuminate\\Container\\BoundMethod::Illuminate\\Container\\{closure}()
#23 /home/uxtbuquy/public_html/kcplacademy.kartikcomtech.in/vendor/laravel/framework/src/Illuminate/Container/BoundMethod.php(96): Illuminate\\Container\\Util::unwrapIfClosure(Object(Closure))
#24 /home/uxtbuquy/public_html/kcplacademy.kartikcomtech.in/vendor/laravel/framework/src/Illuminate/Container/BoundMethod.php(35): Illuminate\\Container\\BoundMethod::callBoundMethod(Object(Illuminate\\Foundation\\Application), Array, Object(Closure))
#25 /home/uxtbuquy/public_html/kcplacademy.kartikcomtech.in/vendor/laravel/framework/src/Illuminate/Container/Container.php(799): Illuminate\\Container\\BoundMethod::call(Object(Illuminate\\Foundation\\Application), Array, Array, NULL)
#26 /home/uxtbuquy/public_html/kcplacademy.kartikcomtech.in/vendor/laravel/framework/src/Illuminate/Foundation/Application.php(1151): Illuminate\\Container\\Container->call(Array)
#27 /home/uxtbuquy/public_html/kcplacademy.kartikcomtech.in/vendor/laravel/framework/src/Illuminate/Foundation/Application.php(1132): Illuminate\\Foundation\\Application->bootProvider(Object(App\\Providers\\AppServiceProvider))
#28 [internal function]: Illuminate\\Foundation\\Application->Illuminate\\Foundation\\{closure}(Object(App\\Providers\\AppServiceProvider), 'App\\\\Providers\\\\A...')
#29 /home/uxtbuquy/public_html/kcplacademy.kartikcomtech.in/vendor/laravel/framework/src/Illuminate/Foundation/Application.php(1131): array_walk(Array, Object(Closure))
#30 /home/uxtbuquy/public_html/kcplacademy.kartikcomtech.in/vendor/laravel/framework/src/Illuminate/Foundation/Bootstrap/BootProviders.php(17): Illuminate\\Foundation\\Application->boot()
#31 /home/uxtbuquy/public_html/kcplacademy.kartikcomtech.in/vendor/laravel/framework/src/Illuminate/Foundation/Application.php(342): Illuminate\\Foundation\\Bootstrap\\BootProviders->bootstrap(Object(Illuminate\\Foundation\\Application))
#32 /home/uxtbuquy/public_html/kcplacademy.kartikcomtech.in/vendor/laravel/framework/src/Illuminate/Foundation/Http/Kernel.php(186): Illuminate\\Foundation\\Application->bootstrapWith(Array)
#33 /home/uxtbuquy/public_html/kcplacademy.kartikcomtech.in/vendor/laravel/framework/src/Illuminate/Foundation/Http/Kernel.php(170): Illuminate\\Foundation\\Http\\Kernel->bootstrap()
#34 /home/uxtbuquy/public_html/kcplacademy.kartikcomtech.in/vendor/laravel/framework/src/Illuminate/Foundation/Http/Kernel.php(144): Illuminate\\Foundation\\Http\\Kernel->sendRequestThroughRouter(Object(Illuminate\\Http\\Request))
#35 /home/uxtbuquy/public_html/kcplacademy.kartikcomtech.in/vendor/laravel/framework/src/Illuminate/Foundation/Application.php(1220): Illuminate\\Foundation\\Http\\Kernel->handle(Object(Illuminate\\Http\\Request))
#36 /home/uxtbuquy/public_html/kcplacademy.kartikcomtech.in/public/index.php(20): Illuminate\\Foundation\\Application->handleRequest(Object(Illuminate\\Http\\Request))
#37 {main}
"} 
[2026-05-17 05:25:43] local.ERROR: SQLSTATE[HY000] [1045] Access denied for user 'root'@'localhost' (using password: NO) (Connection: mysql, Host: 127.0.0.1, Port: 3306, Database: eduex_full, SQL: select exists (select 1 from information_schema.tables where table_schema = schema() and table_name = 'platform_settings' and table_type in ('BASE TABLE', 'SYSTEM VERSIONED')) as `exists`) {"exception":"[object] (Illuminate\\Database\\QueryException(code: 1045): SQLSTATE[HY000] [1045] Access denied for user 'root'@'localhost' (using password: NO) (Connection: mysql, Host: 127.0.0.1, Port: 3306, Database: eduex_full, SQL: select exists (select 1 from information_schema.tables where table_schema = schema() and table_name = 'platform_settings' and table_type in ('BASE TABLE', 'SYSTEM VERSIONED')) as `exists`) at /home/uxtbuquy/public_html/kcplacademy.kartikcomtech.in/vendor/laravel/framework/src/Illuminate/Database/Connection.php:838)
[stacktrace]
#0 /home/uxtbuquy/public_html/kcplacademy.kartikcomtech.in/vendor/laravel/framework/src/Illuminate/Database/Connection.php(999): Illuminate\\Database\\Connection->runQueryCallback('select exists (...', Array, Object(Closure))
#1 /home/uxtbuquy/public_html/kcplacademy.kartikcomtech.in/vendor/laravel/framework/src/Illuminate/Database/Connection.php(978): Illuminate\\Database\\Connection->tryAgainIfCausedByLostConnection(Object(Illuminate\\Database\\QueryException), 'select exists (...', Array, Object(Closure))
#2 /home/uxtbuquy/public_html/kcplacademy.kartikcomtech.in/vendor/laravel/framework/src/Illuminate/Database/Connection.php(796): Illuminate\\Database\\Connection->handleQueryException(Object(Illuminate\\Database\\QueryException), 'select exists (...', Array, Object(Closure))
#3 /home/uxtbuquy/public_html/kcplacademy.kartikcomtech.in/vendor/laravel/framework/src/Illuminate/Database/Connection.php(411): Illuminate\\Database\\Connection->run('select exists (...', Array, Object(Closure))
#4 /home/uxtbuquy/public_html/kcplacademy.kartikcomtech.in/vendor/laravel/framework/src/Illuminate/Database/Connection.php(357): Illuminate\\Database\\Connection->select('select exists (...', Array, true)
#5 /home/uxtbuquy/public_html/kcplacademy.kartikcomtech.in/vendor/laravel/framework/src/Illuminate/Database/Connection.php(374): Illuminate\\Database\\Connection->selectOne('select exists (...', Array, true)
#6 /home/uxtbuquy/public_html/kcplacademy.kartikcomtech.in/vendor/laravel/framework/src/Illuminate/Database/Schema/Builder.php(176): Illuminate\\Database\\Connection->scalar('select exists (...')
#7 /home/uxtbuquy/public_html/kcplacademy.kartikcomtech.in/vendor/laravel/framework/src/Illuminate/Support/Facades/Facade.php(363): Illuminate\\Database\\Schema\\Builder->hasTable('platform_settin...')
#8 /home/uxtbuquy/public_html/kcplacademy.kartikcomtech.in/app/Providers/AppServiceProvider.php(197): Illuminate\\Support\\Facades\\Facade::__callStatic('hasTable', Array)
#9 /home/uxtbuquy/public_html/kcplacademy.kartikcomtech.in/app/Providers/AppServiceProvider.php(80): App\\Providers\\AppServiceProvider->settingsTablesAreReady()
#10 /home/uxtbuquy/public_html/kcplacademy.kartikcomtech.in/vendor/laravel/framework/src/Illuminate/Container/BoundMethod.php(36): App\\Providers\\AppServiceProvider->boot()
#11 /home/uxtbuquy/public_html/kcplacademy.kartikcomtech.in/vendor/laravel/framework/src/Illuminate/Container/Util.php(43): Illuminate\\Container\\BoundMethod::Illuminate\\Container\\{closure}()
#12 /home/uxtbuquy/public_html/kcplacademy.kartikcomtech.in/vendor/laravel/framework/src/Illuminate/Container/BoundMethod.php(96): Illuminate\\Container\\Util::unwrapIfClosure(Object(Closure))
#13 /home/uxtbuquy/public_html/kcplacademy.kartikcomtech.in/vendor/laravel/framework/src/Illuminate/Container/BoundMethod.php(35): Illuminate\\Container\\BoundMethod::callBoundMethod(Object(Illuminate\\Foundation\\Application), Array, Object(Closure))
#14 /home/uxtbuquy/public_html/kcplacademy.kartikcomtech.in/vendor/laravel/framework/src/Illuminate/Container/Container.php(799): Illuminate\\Container\\BoundMethod::call(Object(Illuminate\\Foundation\\Application), Array, Array, NULL)
#15 /home/uxtbuquy/public_html/kcplacademy.kartikcomtech.in/vendor/laravel/framework/src/Illuminate/Foundation/Application.php(1151): Illuminate\\Container\\Container->call(Array)
#16 /home/uxtbuquy/public_html/kcplacademy.kartikcomtech.in/vendor/laravel/framework/src/Illuminate/Foundation/Application.php(1132): Illuminate\\Foundation\\Application->bootProvider(Object(App\\Providers\\AppServiceProvider))
#17 [internal function]: Illuminate\\Foundation\\Application->Illuminate\\Foundation\\{closure}(Object(App\\Providers\\AppServiceProvider), 'App\\\\Providers\\\\A...')
#18 /home/uxtbuquy/public_html/kcplacademy.kartikcomtech.in/vendor/laravel/framework/src/Illuminate/Foundation/Application.php(1131): array_walk(Array, Object(Closure))
#19 /home/uxtbuquy/public_html/kcplacademy.kartikcomtech.in/vendor/laravel/framework/src/Illuminate/Foundation/Bootstrap/BootProviders.php(17): Illuminate\\Foundation\\Application->boot()
#20 /home/uxtbuquy/public_html/kcplacademy.kartikcomtech.in/vendor/laravel/framework/src/Illuminate/Foundation/Application.php(342): Illuminate\\Foundation\\Bootstrap\\BootProviders->bootstrap(Object(Illuminate\\Foundation\\Application))
#21 /home/uxtbuquy/public_html/kcplacademy.kartikcomtech.in/vendor/laravel/framework/src/Illuminate/Foundation/Http/Kernel.php(186): Illuminate\\Foundation\\Application->bootstrapWith(Array)
#22 /home/uxtbuquy/public_html/kcplacademy.kartikcomtech.in/vendor/laravel/framework/src/Illuminate/Foundation/Http/Kernel.php(170): Illuminate\\Foundation\\Http\\Kernel->bootstrap()
#23 /home/uxtbuquy/public_html/kcplacademy.kartikcomtech.in/vendor/laravel/framework/src/Illuminate/Foundation/Http/Kernel.php(144): Illuminate\\Foundation\\Http\\Kernel->sendRequestThroughRouter(Object(Illuminate\\Http\\Request))
#24 /home/uxtbuquy/public_html/kcplacademy.kartikcomtech.in/vendor/laravel/framework/src/Illuminate/Foundation/Application.php(1220): Illuminate\\Foundation\\Http\\Kernel->handle(Object(Illuminate\\Http\\Request))
#25 /home/uxtbuquy/public_html/kcplacademy.kartikcomtech.in/public/index.php(20): Illuminate\\Foundation\\Application->handleRequest(Object(Illuminate\\Http\\Request))
#26 {main}

[previous exception] [object] (PDOException(code: 1045): SQLSTATE[HY000] [1045] Access denied for user 'root'@'localhost' (using password: NO) at /home/uxtbuquy/public_html/kcplacademy.kartikcomtech.in/vendor/laravel/framework/src/Illuminate/Database/Connectors/Connector.php:66)
[stacktrace]
#0 /home/uxtbuquy/public_html/kcplacademy.kartikcomtech.in/vendor/laravel/framework/src/Illuminate/Database/Connectors/Connector.php(66): PDO->__construct('mysql:host=127....', 'root', Object(SensitiveParameterValue), Array)
#1 /home/uxtbuquy/public_html/kcplacademy.kartikcomtech.in/vendor/laravel/framework/src/Illuminate/Database/Connectors/Connector.php(85): Illuminate\\Database\\Connectors\\Connector->createPdoConnection('mysql:host=127....', 'root', Object(SensitiveParameterValue), Array)
#2 /home/uxtbuquy/public_html/kcplacademy.kartikcomtech.in/vendor/laravel/framework/src/Illuminate/Database/Connectors/Connector.php(48): Illuminate\\Database\\Connectors\\Connector->tryAgainIfCausedByLostConnection(Object(PDOException), 'mysql:host=127....', 'root', Object(SensitiveParameterValue), Array)
#3 /home/uxtbuquy/public_html/kcplacademy.kartikcomtech.in/vendor/laravel/framework/src/Illuminate/Database/Connectors/MySqlConnector.php(24): Illuminate\\Database\\Connectors\\Connector->createConnection('mysql:host=127....', Array, Array)
#4 /home/uxtbuquy/public_html/kcplacademy.kartikcomtech.in/vendor/laravel/framework/src/Illuminate/Database/Connectors/ConnectionFactory.php(186): Illuminate\\Database\\Connectors\\MySqlConnector->connect(Array)
#5 [internal function]: Illuminate\\Database\\Connectors\\ConnectionFactory->Illuminate\\Database\\Connectors\\{closure}()
#6 /home/uxtbuquy/public_html/kcplacademy.kartikcomtech.in/vendor/laravel/framework/src/Illuminate/Database/Connection.php(1257): call_user_func(Object(Closure))
#7 /home/uxtbuquy/public_html/kcplacademy.kartikcomtech.in/vendor/laravel/framework/src/Illuminate/Database/Connection.php(1295): Illuminate\\Database\\Connection->getPdo()
#8 /home/uxtbuquy/public_html/kcplacademy.kartikcomtech.in/vendor/laravel/framework/src/Illuminate/Database/Connection.php(525): Illuminate\\Database\\Connection->getReadPdo()
#9 /home/uxtbuquy/public_html/kcplacademy.kartikcomtech.in/vendor/laravel/framework/src/Illuminate/Database/Connection.php(420): Illuminate\\Database\\Connection->getPdoForSelect(true)
#10 /home/uxtbuquy/public_html/kcplacademy.kartikcomtech.in/vendor/laravel/framework/src/Illuminate/Database/Connection.php(827): Illuminate\\Database\\Connection->Illuminate\\Database\\{closure}('select exists (...', Array)
#11 /home/uxtbuquy/public_html/kcplacademy.kartikcomtech.in/vendor/laravel/framework/src/Illuminate/Database/Connection.php(999): Illuminate\\Database\\Connection->runQueryCallback('select exists (...', Array, Object(Closure))
#12 /home/uxtbuquy/public_html/kcplacademy.kartikcomtech.in/vendor/laravel/framework/src/Illuminate/Database/Connection.php(978): Illuminate\\Database\\Connection->tryAgainIfCausedByLostConnection(Object(Illuminate\\Database\\QueryException), 'select exists (...', Array, Object(Closure))
#13 /home/uxtbuquy/public_html/kcplacademy.kartikcomtech.in/vendor/laravel/framework/src/Illuminate/Database/Connection.php(796): Illuminate\\Database\\Connection->handleQueryException(Object(Illuminate\\Database\\QueryException), 'select exists (...', Array, Object(Closure))
#14 /home/uxtbuquy/public_html/kcplacademy.kartikcomtech.in/vendor/laravel/framework/src/Illuminate/Database/Connection.php(411): Illuminate\\Database\\Connection->run('select exists (...', Array, Object(Closure))
#15 /home/uxtbuquy/public_html/kcplacademy.kartikcomtech.in/vendor/laravel/framework/src/Illuminate/Database/Connection.php(357): Illuminate\\Database\\Connection->select('select exists (...', Array, true)
#16 /home/uxtbuquy/public_html/kcplacademy.kartikcomtech.in/vendor/laravel/framework/src/Illuminate/Database/Connection.php(374): Illuminate\\Database\\Connection->selectOne('select exists (...', Array, true)
#17 /home/uxtbuquy/public_html/kcplacademy.kartikcomtech.in/vendor/laravel/framework/src/Illuminate/Database/Schema/Builder.php(176): Illuminate\\Database\\Connection->scalar('select exists (...')
#18 /home/uxtbuquy/public_html/kcplacademy.kartikcomtech.in/vendor/laravel/framework/src/Illuminate/Support/Facades/Facade.php(363): Illuminate\\Database\\Schema\\Builder->hasTable('platform_settin...')
#19 /home/uxtbuquy/public_html/kcplacademy.kartikcomtech.in/app/Providers/AppServiceProvider.php(197): Illuminate\\Support\\Facades\\Facade::__callStatic('hasTable', Array)
#20 /home/uxtbuquy/public_html/kcplacademy.kartikcomtech.in/app/Providers/AppServiceProvider.php(80): App\\Providers\\AppServiceProvider->settingsTablesAreReady()
#21 /home/uxtbuquy/public_html/kcplacademy.kartikcomtech.in/vendor/laravel/framework/src/Illuminate/Container/BoundMethod.php(36): App\\Providers\\AppServiceProvider->boot()
#22 /home/uxtbuquy/public_html/kcplacademy.kartikcomtech.in/vendor/laravel/framework/src/Illuminate/Container/Util.php(43): Illuminate\\Container\\BoundMethod::Illuminate\\Container\\{closure}()
#23 /home/uxtbuquy/public_html/kcplacademy.kartikcomtech.in/vendor/laravel/framework/src/Illuminate/Container/BoundMethod.php(96): Illuminate\\Container\\Util::unwrapIfClosure(Object(Closure))
#24 /home/uxtbuquy/public_html/kcplacademy.kartikcomtech.in/vendor/laravel/framework/src/Illuminate/Container/BoundMethod.php(35): Illuminate\\Container\\BoundMethod::callBoundMethod(Object(Illuminate\\Foundation\\Application), Array, Object(Closure))
#25 /home/uxtbuquy/public_html/kcplacademy.kartikcomtech.in/vendor/laravel/framework/src/Illuminate/Container/Container.php(799): Illuminate\\Container\\BoundMethod::call(Object(Illuminate\\Foundation\\Application), Array, Array, NULL)
#26 /home/uxtbuquy/public_html/kcplacademy.kartikcomtech.in/vendor/laravel/framework/src/Illuminate/Foundation/Application.php(1151): Illuminate\\Container\\Container->call(Array)
#27 /home/uxtbuquy/public_html/kcplacademy.kartikcomtech.in/vendor/laravel/framework/src/Illuminate/Foundation/Application.php(1132): Illuminate\\Foundation\\Application->bootProvider(Object(App\\Providers\\AppServiceProvider))
#28 [internal function]: Illuminate\\Foundation\\Application->Illuminate\\Foundation\\{closure}(Object(App\\Providers\\AppServiceProvider), 'App\\\\Providers\\\\A...')
#29 /home/uxtbuquy/public_html/kcplacademy.kartikcomtech.in/vendor/laravel/framework/src/Illuminate/Foundation/Application.php(1131): array_walk(Array, Object(Closure))
#30 /home/uxtbuquy/public_html/kcplacademy.kartikcomtech.in/vendor/laravel/framework/src/Illuminate/Foundation/Bootstrap/BootProviders.php(17): Illuminate\\Foundation\\Application->boot()
#31 /home/uxtbuquy/public_html/kcplacademy.kartikcomtech.in/vendor/laravel/framework/src/Illuminate/Foundation/Application.php(342): Illuminate\\Foundation\\Bootstrap\\BootProviders->bootstrap(Object(Illuminate\\Foundation\\Application))
#32 /home/uxtbuquy/public_html/kcplacademy.kartikcomtech.in/vendor/laravel/framework/src/Illuminate/Foundation/Http/Kernel.php(186): Illuminate\\Foundation\\Application->bootstrapWith(Array)
#33 /home/uxtbuquy/public_html/kcplacademy.kartikcomtech.in/vendor/laravel/framework/src/Illuminate/Foundation/Http/Kernel.php(170): Illuminate\\Foundation\\Http\\Kernel->bootstrap()
#34 /home/uxtbuquy/public_html/kcplacademy.kartikcomtech.in/vendor/laravel/framework/src/Illuminate/Foundation/Http/Kernel.php(144): Illuminate\\Foundation\\Http\\Kernel->sendRequestThroughRouter(Object(Illuminate\\Http\\Request))
#35 /home/uxtbuquy/public_html/kcplacademy.kartikcomtech.in/vendor/laravel/framework/src/Illuminate/Foundation/Application.php(1220): Illuminate\\Foundation\\Http\\Kernel->handle(Object(Illuminate\\Http\\Request))
#36 /home/uxtbuquy/public_html/kcplacademy.kartikcomtech.in/public/index.php(20): Illuminate\\Foundation\\Application->handleRequest(Object(Illuminate\\Http\\Request))
#37 {main}
"} 
[2026-05-17 05:25:46] local.ERROR: SQLSTATE[HY000] [1045] Access denied for user 'root'@'localhost' (using password: NO) (Connection: mysql, Host: 127.0.0.1, Port: 3306, Database: eduex_full, SQL: select exists (select 1 from information_schema.tables where table_schema = schema() and table_name = 'platform_settings' and table_type in ('BASE TABLE', 'SYSTEM VERSIONED')) as `exists`) {"exception":"[object] (Illuminate\\Database\\QueryException(code: 1045): SQLSTATE[HY000] [1045] Access denied for user 'root'@'localhost' (using password: NO) (Connection: mysql, Host: 127.0.0.1, Port: 3306, Database: eduex_full, SQL: select exists (select 1 from information_schema.tables where table_schema = schema() and table_name = 'platform_settings' and table_type in ('BASE TABLE', 'SYSTEM VERSIONED')) as `exists`) at /home/uxtbuquy/public_html/kcplacademy.kartikcomtech.in/vendor/laravel/framework/src/Illuminate/Database/Connection.php:838)
[stacktrace]
#0 /home/uxtbuquy/public_html/kcplacademy.kartikcomtech.in/vendor/laravel/framework/src/Illuminate/Database/Connection.php(999): Illuminate\\Database\\Connection->runQueryCallback('select exists (...', Array, Object(Closure))
#1 /home/uxtbuquy/public_html/kcplacademy.kartikcomtech.in/vendor/laravel/framework/src/Illuminate/Database/Connection.php(978): Illuminate\\Database\\Connection->tryAgainIfCausedByLostConnection(Object(Illuminate\\Database\\QueryException), 'select exists (...', Array, Object(Closure))
#2 /home/uxtbuquy/public_html/kcplacademy.kartikcomtech.in/vendor/laravel/framework/src/Illuminate/Database/Connection.php(796): Illuminate\\Database\\Connection->handleQueryException(Object(Illuminate\\Database\\QueryException), 'select exists (...', Array, Object(Closure))
#3 /home/uxtbuquy/public_html/kcplacademy.kartikcomtech.in/vendor/laravel/framework/src/Illuminate/Database/Connection.php(411): Illuminate\\Database\\Connection->run('select exists (...', Array, Object(Closure))
#4 /home/uxtbuquy/public_html/kcplacademy.kartikcomtech.in/vendor/laravel/framework/src/Illuminate/Database/Connection.php(357): Illuminate\\Database\\Connection->select('select exists (...', Array, true)
#5 /home/uxtbuquy/public_html/kcplacademy.kartikcomtech.in/vendor/laravel/framework/src/Illuminate/Database/Connection.php(374): Illuminate\\Database\\Connection->selectOne('select exists (...', Array, true)
#6 /home/uxtbuquy/public_html/kcplacademy.kartikcomtech.in/vendor/laravel/framework/src/Illuminate/Database/Schema/Builder.php(176): Illuminate\\Database\\Connection->scalar('select exists (...')
#7 /home/uxtbuquy/public_html/kcplacademy.kartikcomtech.in/vendor/laravel/framework/src/Illuminate/Support/Facades/Facade.php(363): Illuminate\\Database\\Schema\\Builder->hasTable('platform_settin...')
#8 /home/uxtbuquy/public_html/kcplacademy.kartikcomtech.in/app/Providers/AppServiceProvider.php(197): Illuminate\\Support\\Facades\\Facade::__callStatic('hasTable', Array)
#9 /home/uxtbuquy/public_html/kcplacademy.kartikcomtech.in/app/Providers/AppServiceProvider.php(80): App\\Providers\\AppServiceProvider->settingsTablesAreReady()
#10 /home/uxtbuquy/public_html/kcplacademy.kartikcomtech.in/vendor/laravel/framework/src/Illuminate/Container/BoundMethod.php(36): App\\Providers\\AppServiceProvider->boot()
#11 /home/uxtbuquy/public_html/kcplacademy.kartikcomtech.in/vendor/laravel/framework/src/Illuminate/Container/Util.php(43): Illuminate\\Container\\BoundMethod::Illuminate\\Container\\{closure}()
#12 /home/uxtbuquy/public_html/kcplacademy.kartikcomtech.in/vendor/laravel/framework/src/Illuminate/Container/BoundMethod.php(96): Illuminate\\Container\\Util::unwrapIfClosure(Object(Closure))
#13 /home/uxtbuquy/public_html/kcplacademy.kartikcomtech.in/vendor/laravel/framework/src/Illuminate/Container/BoundMethod.php(35): Illuminate\\Container\\BoundMethod::callBoundMethod(Object(Illuminate\\Foundation\\Application), Array, Object(Closure))
#14 /home/uxtbuquy/public_html/kcplacademy.kartikcomtech.in/vendor/laravel/framework/src/Illuminate/Container/Container.php(799): Illuminate\\Container\\BoundMethod::call(Object(Illuminate\\Foundation\\Application), Array, Array, NULL)
#15 /home/uxtbuquy/public_html/kcplacademy.kartikcomtech.in/vendor/laravel/framework/src/Illuminate/Foundation/Application.php(1151): Illuminate\\Container\\Container->call(Array)
#16 /home/uxtbuquy/public_html/kcplacademy.kartikcomtech.in/vendor/laravel/framework/src/Illuminate/Foundation/Application.php(1132): Illuminate\\Foundation\\Application->bootProvider(Object(App\\Providers\\AppServiceProvider))
#17 [internal function]: Illuminate\\Foundation\\Application->Illuminate\\Foundation\\{closure}(Object(App\\Providers\\AppServiceProvider), 'App\\\\Providers\\\\A...')
#18 /home/uxtbuquy/public_html/kcplacademy.kartikcomtech.in/vendor/laravel/framework/src/Illuminate/Foundation/Application.php(1131): array_walk(Array, Object(Closure))
#19 /home/uxtbuquy/public_html/kcplacademy.kartikcomtech.in/vendor/laravel/framework/src/Illuminate/Foundation/Bootstrap/BootProviders.php(17): Illuminate\\Foundation\\Application->boot()
#20 /home/uxtbuquy/public_html/kcplacademy.kartikcomtech.in/vendor/laravel/framework/src/Illuminate/Foundation/Application.php(342): Illuminate\\Foundation\\Bootstrap\\BootProviders->bootstrap(Object(Illuminate\\Foundation\\Application))
#21 /home/uxtbuquy/public_html/kcplacademy.kartikcomtech.in/vendor/laravel/framework/src/Illuminate/Foundation/Http/Kernel.php(186): Illuminate\\Foundation\\Application->bootstrapWith(Array)
#22 /home/uxtbuquy/public_html/kcplacademy.kartikcomtech.in/vendor/laravel/framework/src/Illuminate/Foundation/Http/Kernel.php(170): Illuminate\\Foundation\\Http\\Kernel->bootstrap()
#23 /home/uxtbuquy/public_html/kcplacademy.kartikcomtech.in/vendor/laravel/framework/src/Illuminate/Foundation/Http/Kernel.php(144): Illuminate\\Foundation\\Http\\Kernel->sendRequestThroughRouter(Object(Illuminate\\Http\\Request))
#24 /home/uxtbuquy/public_html/kcplacademy.kartikcomtech.in/vendor/laravel/framework/src/Illuminate/Foundation/Application.php(1220): Illuminate\\Foundation\\Http\\Kernel->handle(Object(Illuminate\\Http\\Request))
#25 /home/uxtbuquy/public_html/kcplacademy.kartikcomtech.in/public/index.php(20): Illuminate\\Foundation\\Application->handleRequest(Object(Illuminate\\Http\\Request))
#26 {main}

[previous exception] [object] (PDOException(code: 1045): SQLSTATE[HY000] [1045] Access denied for user 'root'@'localhost' (using password: NO) at /home/uxtbuquy/public_html/kcplacademy.kartikcomtech.in/vendor/laravel/framework/src/Illuminate/Database/Connectors/Connector.php:66)
[stacktrace]
#0 /home/uxtbuquy/public_html/kcplacademy.kartikcomtech.in/vendor/laravel/framework/src/Illuminate/Database/Connectors/Connector.php(66): PDO->__construct('mysql:host=127....', 'root', Object(SensitiveParameterValue), Array)
#1 /home/uxtbuquy/public_html/kcplacademy.kartikcomtech.in/vendor/laravel/framework/src/Illuminate/Database/Connectors/Connector.php(85): Illuminate\\Database\\Connectors\\Connector->createPdoConnection('mysql:host=127....', 'root', Object(SensitiveParameterValue), Array)
#2 /home/uxtbuquy/public_html/kcplacademy.kartikcomtech.in/vendor/laravel/framework/src/Illuminate/Database/Connectors/Connector.php(48): Illuminate\\Database\\Connectors\\Connector->tryAgainIfCausedByLostConnection(Object(PDOException), 'mysql:host=127....', 'root', Object(SensitiveParameterValue), Array)
#3 /home/uxtbuquy/public_html/kcplacademy.kartikcomtech.in/vendor/laravel/framework/src/Illuminate/Database/Connectors/MySqlConnector.php(24): Illuminate\\Database\\Connectors\\Connector->createConnection('mysql:host=127....', Array, Array)
#4 /home/uxtbuquy/public_html/kcplacademy.kartikcomtech.in/vendor/laravel/framework/src/Illuminate/Database/Connectors/ConnectionFactory.php(186): Illuminate\\Database\\Connectors\\MySqlConnector->connect(Array)
#5 [internal function]: Illuminate\\Database\\Connectors\\ConnectionFactory->Illuminate\\Database\\Connectors\\{closure}()
#6 /home/uxtbuquy/public_html/kcplacademy.kartikcomtech.in/vendor/laravel/framework/src/Illuminate/Database/Connection.php(1257): call_user_func(Object(Closure))
#7 /home/uxtbuquy/public_html/kcplacademy.kartikcomtech.in/vendor/laravel/framework/src/Illuminate/Database/Connection.php(1295): Illuminate\\Database\\Connection->getPdo()
#8 /home/uxtbuquy/public_html/kcplacademy.kartikcomtech.in/vendor/laravel/framework/src/Illuminate/Database/Connection.php(525): Illuminate\\Database\\Connection->getReadPdo()
#9 /home/uxtbuquy/public_html/kcplacademy.kartikcomtech.in/vendor/laravel/framework/src/Illuminate/Database/Connection.php(420): Illuminate\\Database\\Connection->getPdoForSelect(true)
#10 /home/uxtbuquy/public_html/kcplacademy.kartikcomtech.in/vendor/laravel/framework/src/Illuminate/Database/Connection.php(827): Illuminate\\Database\\Connection->Illuminate\\Database\\{closure}('select exists (...', Array)
#11 /home/uxtbuquy/public_html/kcplacademy.kartikcomtech.in/vendor/laravel/framework/src/Illuminate/Database/Connection.php(999): Illuminate\\Database\\Connection->runQueryCallback('select exists (...', Array, Object(Closure))
#12 /home/uxtbuquy/public_html/kcplacademy.kartikcomtech.in/vendor/laravel/framework/src/Illuminate/Database/Connection.php(978): Illuminate\\Database\\Connection->tryAgainIfCausedByLostConnection(Object(Illuminate\\Database\\QueryException), 'select exists (...', Array, Object(Closure))
#13 /home/uxtbuquy/public_html/kcplacademy.kartikcomtech.in/vendor/laravel/framework/src/Illuminate/Database/Connection.php(796): Illuminate\\Database\\Connection->handleQueryException(Object(Illuminate\\Database\\QueryException), 'select exists (...', Array, Object(Closure))
#14 /home/uxtbuquy/public_html/kcplacademy.kartikcomtech.in/vendor/laravel/framework/src/Illuminate/Database/Connection.php(411): Illuminate\\Database\\Connection->run('select exists (...', Array, Object(Closure))
#15 /home/uxtbuquy/public_html/kcplacademy.kartikcomtech.in/vendor/laravel/framework/src/Illuminate/Database/Connection.php(357): Illuminate\\Database\\Connection->select('select exists (...', Array, true)
#16 /home/uxtbuquy/public_html/kcplacademy.kartikcomtech.in/vendor/laravel/framework/src/Illuminate/Database/Connection.php(374): Illuminate\\Database\\Connection->selectOne('select exists (...', Array, true)
#17 /home/uxtbuquy/public_html/kcplacademy.kartikcomtech.in/vendor/laravel/framework/src/Illuminate/Database/Schema/Builder.php(176): Illuminate\\Database\\Connection->scalar('select exists (...')
#18 /home/uxtbuquy/public_html/kcplacademy.kartikcomtech.in/vendor/laravel/framework/src/Illuminate/Support/Facades/Facade.php(363): Illuminate\\Database\\Schema\\Builder->hasTable('platform_settin...')
#19 /home/uxtbuquy/public_html/kcplacademy.kartikcomtech.in/app/Providers/AppServiceProvider.php(197): Illuminate\\Support\\Facades\\Facade::__callStatic('hasTable', Array)
#20 /home/uxtbuquy/public_html/kcplacademy.kartikcomtech.in/app/Providers/AppServiceProvider.php(80): App\\Providers\\AppServiceProvider->settingsTablesAreReady()
#21 /home/uxtbuquy/public_html/kcplacademy.kartikcomtech.in/vendor/laravel/framework/src/Illuminate/Container/BoundMethod.php(36): App\\Providers\\AppServiceProvider->boot()
#22 /home/uxtbuquy/public_html/kcplacademy.kartikcomtech.in/vendor/laravel/framework/src/Illuminate/Container/Util.php(43): Illuminate\\Container\\BoundMethod::Illuminate\\Container\\{closure}()
#23 /home/uxtbuquy/public_html/kcplacademy.kartikcomtech.in/vendor/laravel/framework/src/Illuminate/Container/BoundMethod.php(96): Illuminate\\Container\\Util::unwrapIfClosure(Object(Closure))
#24 /home/uxtbuquy/public_html/kcplacademy.kartikcomtech.in/vendor/laravel/framework/src/Illuminate/Container/BoundMethod.php(35): Illuminate\\Container\\BoundMethod::callBoundMethod(Object(Illuminate\\Foundation\\Application), Array, Object(Closure))
#25 /home/uxtbuquy/public_html/kcplacademy.kartikcomtech.in/vendor/laravel/framework/src/Illuminate/Container/Container.php(799): Illuminate\\Container\\BoundMethod::call(Object(Illuminate\\Foundation\\Application), Array, Array, NULL)
#26 /home/uxtbuquy/public_html/kcplacademy.kartikcomtech.in/vendor/laravel/framework/src/Illuminate/Foundation/Application.php(1151): Illuminate\\Container\\Container->call(Array)
#27 /home/uxtbuquy/public_html/kcplacademy.kartikcomtech.in/vendor/laravel/framework/src/Illuminate/Foundation/Application.php(1132): Illuminate\\Foundation\\Application->bootProvider(Object(App\\Providers\\AppServiceProvider))
#28 [internal function]: Illuminate\\Foundation\\Application->Illuminate\\Foundation\\{closure}(Object(App\\Providers\\AppServiceProvider), 'App\\\\Providers\\\\A...')
#29 /home/uxtbuquy/public_html/kcplacademy.kartikcomtech.in/vendor/laravel/framework/src/Illuminate/Foundation/Application.php(1131): array_walk(Array, Object(Closure))
#30 /home/uxtbuquy/public_html/kcplacademy.kartikcomtech.in/vendor/laravel/framework/src/Illuminate/Foundation/Bootstrap/BootProviders.php(17): Illuminate\\Foundation\\Application->boot()
#31 /home/uxtbuquy/public_html/kcplacademy.kartikcomtech.in/vendor/laravel/framework/src/Illuminate/Foundation/Application.php(342): Illuminate\\Foundation\\Bootstrap\\BootProviders->bootstrap(Object(Illuminate\\Foundation\\Application))
#32 /home/uxtbuquy/public_html/kcplacademy.kartikcomtech.in/vendor/laravel/framework/src/Illuminate/Foundation/Http/Kernel.php(186): Illuminate\\Foundation\\Application->bootstrapWith(Array)
#33 /home/uxtbuquy/public_html/kcplacademy.kartikcomtech.in/vendor/laravel/framework/src/Illuminate/Foundation/Http/Kernel.php(170): Illuminate\\Foundation\\Http\\Kernel->bootstrap()
#34 /home/uxtbuquy/public_html/kcplacademy.kartikcomtech.in/vendor/laravel/framework/src/Illuminate/Foundation/Http/Kernel.php(144): Illuminate\\Foundation\\Http\\Kernel->sendRequestThroughRouter(Object(Illuminate\\Http\\Request))
#35 /home/uxtbuquy/public_html/kcplacademy.kartikcomtech.in/vendor/laravel/framework/src/Illuminate/Foundation/Application.php(1220): Illuminate\\Foundation\\Http\\Kernel->handle(Object(Illuminate\\Http\\Request))
#36 /home/uxtbuquy/public_html/kcplacademy.kartikcomtech.in/public/index.php(20): Illuminate\\Foundation\\Application->handleRequest(Object(Illuminate\\Http\\Request))
#37 {main}
"} 
[2026-05-17 05:25:46] local.ERROR: SQLSTATE[HY000] [1045] Access denied for user 'root'@'localhost' (using password: NO) (Connection: mysql, Host: 127.0.0.1, Port: 3306, Database: eduex_full, SQL: select exists (select 1 from information_schema.tables where table_schema = schema() and table_name = 'platform_settings' and table_type in ('BASE TABLE', 'SYSTEM VERSIONED')) as `exists`) {"exception":"[object] (Illuminate\\Database\\QueryException(code: 1045): SQLSTATE[HY000] [1045] Access denied for user 'root'@'localhost' (using password: NO) (Connection: mysql, Host: 127.0.0.1, Port: 3306, Database: eduex_full, SQL: select exists (select 1 from information_schema.tables where table_schema = schema() and table_name = 'platform_settings' and table_type in ('BASE TABLE', 'SYSTEM VERSIONED')) as `exists`) at /home/uxtbuquy/public_html/kcplacademy.kartikcomtech.in/vendor/laravel/framework/src/Illuminate/Database/Connection.php:838)
[stacktrace]
#0 /home/uxtbuquy/public_html/kcplacademy.kartikcomtech.in/vendor/laravel/framework/src/Illuminate/Database/Connection.php(999): Illuminate\\Database\\Connection->runQueryCallback('select exists (...', Array, Object(Closure))
#1 /home/uxtbuquy/public_html/kcplacademy.kartikcomtech.in/vendor/laravel/framework/src/Illuminate/Database/Connection.php(978): Illuminate\\Database\\Connection->tryAgainIfCausedByLostConnection(Object(Illuminate\\Database\\QueryException), 'select exists (...', Array, Object(Closure))
#2 /home/uxtbuquy/public_html/kcplacademy.kartikcomtech.in/vendor/laravel/framework/src/Illuminate/Database/Connection.php(796): Illuminate\\Database\\Connection->handleQueryException(Object(Illuminate\\Database\\QueryException), 'select exists (...', Array, Object(Closure))
#3 /home/uxtbuquy/public_html/kcplacademy.kartikcomtech.in/vendor/laravel/framework/src/Illuminate/Database/Connection.php(411): Illuminate\\Database\\Connection->run('select exists (...', Array, Object(Closure))
#4 /home/uxtbuquy/public_html/kcplacademy.kartikcomtech.in/vendor/laravel/framework/src/Illuminate/Database/Connection.php(357): Illuminate\\Database\\Connection->select('select exists (...', Array, true)
#5 /home/uxtbuquy/public_html/kcplacademy.kartikcomtech.in/vendor/laravel/framework/src/Illuminate/Database/Connection.php(374): Illuminate\\Database\\Connection->selectOne('select exists (...', Array, true)
#6 /home/uxtbuquy/public_html/kcplacademy.kartikcomtech.in/vendor/laravel/framework/src/Illuminate/Database/Schema/Builder.php(176): Illuminate\\Database\\Connection->scalar('select exists (...')
#7 /home/uxtbuquy/public_html/kcplacademy.kartikcomtech.in/vendor/laravel/framework/src/Illuminate/Support/Facades/Facade.php(363): Illuminate\\Database\\Schema\\Builder->hasTable('platform_settin...')
#8 /home/uxtbuquy/public_html/kcplacademy.kartikcomtech.in/app/Providers/AppServiceProvider.php(197): Illuminate\\Support\\Facades\\Facade::__callStatic('hasTable', Array)
#9 /home/uxtbuquy/public_html/kcplacademy.kartikcomtech.in/app/Providers/AppServiceProvider.php(80): App\\Providers\\AppServiceProvider->settingsTablesAreReady()
#10 /home/uxtbuquy/public_html/kcplacademy.kartikcomtech.in/vendor/laravel/framework/src/Illuminate/Container/BoundMethod.php(36): App\\Providers\\AppServiceProvider->boot()
#11 /home/uxtbuquy/public_html/kcplacademy.kartikcomtech.in/vendor/laravel/framework/src/Illuminate/Container/Util.php(43): Illuminate\\Container\\BoundMethod::Illuminate\\Container\\{closure}()
#12 /home/uxtbuquy/public_html/kcplacademy.kartikcomtech.in/vendor/laravel/framework/src/Illuminate/Container/BoundMethod.php(96): Illuminate\\Container\\Util::unwrapIfClosure(Object(Closure))
#13 /home/uxtbuquy/public_html/kcplacademy.kartikcomtech.in/vendor/laravel/framework/src/Illuminate/Container/BoundMethod.php(35): Illuminate\\Container\\BoundMethod::callBoundMethod(Object(Illuminate\\Foundation\\Application), Array, Object(Closure))
#14 /home/uxtbuquy/public_html/kcplacademy.kartikcomtech.in/vendor/laravel/framework/src/Illuminate/Container/Container.php(799): Illuminate\\Container\\BoundMethod::call(Object(Illuminate\\Foundation\\Application), Array, Array, NULL)
#15 /home/uxtbuquy/public_html/kcplacademy.kartikcomtech.in/vendor/laravel/framework/src/Illuminate/Foundation/Application.php(1151): Illuminate\\Container\\Container->call(Array)
#16 /home/uxtbuquy/public_html/kcplacademy.kartikcomtech.in/vendor/laravel/framework/src/Illuminate/Foundation/Application.php(1132): Illuminate\\Foundation\\Application->bootProvider(Object(App\\Providers\\AppServiceProvider))
#17 [internal function]: Illuminate\\Foundation\\Application->Illuminate\\Foundation\\{closure}(Object(App\\Providers\\AppServiceProvider), 'App\\\\Providers\\\\A...')
#18 /home/uxtbuquy/public_html/kcplacademy.kartikcomtech.in/vendor/laravel/framework/src/Illuminate/Foundation/Application.php(1131): array_walk(Array, Object(Closure))
#19 /home/uxtbuquy/public_html/kcplacademy.kartikcomtech.in/vendor/laravel/framework/src/Illuminate/Foundation/Bootstrap/BootProviders.php(17): Illuminate\\Foundation\\Application->boot()
#20 /home/uxtbuquy/public_html/kcplacademy.kartikcomtech.in/vendor/laravel/framework/src/Illuminate/Foundation/Application.php(342): Illuminate\\Foundation\\Bootstrap\\BootProviders->bootstrap(Object(Illuminate\\Foundation\\Application))
#21 /home/uxtbuquy/public_html/kcplacademy.kartikcomtech.in/vendor/laravel/framework/src/Illuminate/Foundation/Http/Kernel.php(186): Illuminate\\Foundation\\Application->bootstrapWith(Array)
#22 /home/uxtbuquy/public_html/kcplacademy.kartikcomtech.in/vendor/laravel/framework/src/Illuminate/Foundation/Http/Kernel.php(170): Illuminate\\Foundation\\Http\\Kernel->bootstrap()
#23 /home/uxtbuquy/public_html/kcplacademy.kartikcomtech.in/vendor/laravel/framework/src/Illuminate/Foundation/Http/Kernel.php(144): Illuminate\\Foundation\\Http\\Kernel->sendRequestThroughRouter(Object(Illuminate\\Http\\Request))
#24 /home/uxtbuquy/public_html/kcplacademy.kartikcomtech.in/vendor/laravel/framework/src/Illuminate/Foundation/Application.php(1220): Illuminate\\Foundation\\Http\\Kernel->handle(Object(Illuminate\\Http\\Request))
#25 /home/uxtbuquy/public_html/kcplacademy.kartikcomtech.in/public/index.php(20): Illuminate\\Foundation\\Application->handleRequest(Object(Illuminate\\Http\\Request))
#26 {main}

[previous exception] [object] (PDOException(code: 1045): SQLSTATE[HY000] [1045] Access denied for user 'root'@'localhost' (using password: NO) at /home/uxtbuquy/public_html/kcplacademy.kartikcomtech.in/vendor/laravel/framework/src/Illuminate/Database/Connectors/Connector.php:66)
[stacktrace]
#0 /home/uxtbuquy/public_html/kcplacademy.kartikcomtech.in/vendor/laravel/framework/src/Illuminate/Database/Connectors/Connector.php(66): PDO->__construct('mysql:host=127....', 'root', Object(SensitiveParameterValue), Array)
#1 /home/uxtbuquy/public_html/kcplacademy.kartikcomtech.in/vendor/laravel/framework/src/Illuminate/Database/Connectors/Connector.php(85): Illuminate\\Database\\Connectors\\Connector->createPdoConnection('mysql:host=127....', 'root', Object(SensitiveParameterValue), Array)
#2 /home/uxtbuquy/public_html/kcplacademy.kartikcomtech.in/vendor/laravel/framework/src/Illuminate/Database/Connectors/Connector.php(48): Illuminate\\Database\\Connectors\\Connector->tryAgainIfCausedByLostConnection(Object(PDOException), 'mysql:host=127....', 'root', Object(SensitiveParameterValue), Array)
#3 /home/uxtbuquy/public_html/kcplacademy.kartikcomtech.in/vendor/laravel/framework/src/Illuminate/Database/Connectors/MySqlConnector.php(24): Illuminate\\Database\\Connectors\\Connector->createConnection('mysql:host=127....', Array, Array)
#4 /home/uxtbuquy/public_html/kcplacademy.kartikcomtech.in/vendor/laravel/framework/src/Illuminate/Database/Connectors/ConnectionFactory.php(186): Illuminate\\Database\\Connectors\\MySqlConnector->connect(Array)
#5 [internal function]: Illuminate\\Database\\Connectors\\ConnectionFactory->Illuminate\\Database\\Connectors\\{closure}()
#6 /home/uxtbuquy/public_html/kcplacademy.kartikcomtech.in/vendor/laravel/framework/src/Illuminate/Database/Connection.php(1257): call_user_func(Object(Closure))
#7 /home/uxtbuquy/public_html/kcplacademy.kartikcomtech.in/vendor/laravel/framework/src/Illuminate/Database/Connection.php(1295): Illuminate\\Database\\Connection->getPdo()
#8 /home/uxtbuquy/public_html/kcplacademy.kartikcomtech.in/vendor/laravel/framework/src/Illuminate/Database/Connection.php(525): Illuminate\\Database\\Connection->getReadPdo()
#9 /home/uxtbuquy/public_html/kcplacademy.kartikcomtech.in/vendor/laravel/framework/src/Illuminate/Database/Connection.php(420): Illuminate\\Database\\Connection->getPdoForSelect(true)
#10 /home/uxtbuquy/public_html/kcplacademy.kartikcomtech.in/vendor/laravel/framework/src/Illuminate/Database/Connection.php(827): Illuminate\\Database\\Connection->Illuminate\\Database\\{closure}('select exists (...', Array)
#11 /home/uxtbuquy/public_html/kcplacademy.kartikcomtech.in/vendor/laravel/framework/src/Illuminate/Database/Connection.php(999): Illuminate\\Database\\Connection->runQueryCallback('select exists (...', Array, Object(Closure))
#12 /home/uxtbuquy/public_html/kcplacademy.kartikcomtech.in/vendor/laravel/framework/src/Illuminate/Database/Connection.php(978): Illuminate\\Database\\Connection->tryAgainIfCausedByLostConnection(Object(Illuminate\\Database\\QueryException), 'select exists (...', Array, Object(Closure))
#13 /home/uxtbuquy/public_html/kcplacademy.kartikcomtech.in/vendor/laravel/framework/src/Illuminate/Database/Connection.php(796): Illuminate\\Database\\Connection->handleQueryException(Object(Illuminate\\Database\\QueryException), 'select exists (...', Array, Object(Closure))
#14 /home/uxtbuquy/public_html/kcplacademy.kartikcomtech.in/vendor/laravel/framework/src/Illuminate/Database/Connection.php(411): Illuminate\\Database\\Connection->run('select exists (...', Array, Object(Closure))
#15 /home/uxtbuquy/public_html/kcplacademy.kartikcomtech.in/vendor/laravel/framework/src/Illuminate/Database/Connection.php(357): Illuminate\\Database\\Connection->select('select exists (...', Array, true)
#16 /home/uxtbuquy/public_html/kcplacademy.kartikcomtech.in/vendor/laravel/framework/src/Illuminate/Database/Connection.php(374): Illuminate\\Database\\Connection->selectOne('select exists (...', Array, true)
#17 /home/uxtbuquy/public_html/kcplacademy.kartikcomtech.in/vendor/laravel/framework/src/Illuminate/Database/Schema/Builder.php(176): Illuminate\\Database\\Connection->scalar('select exists (...')
#18 /home/uxtbuquy/public_html/kcplacademy.kartikcomtech.in/vendor/laravel/framework/src/Illuminate/Support/Facades/Facade.php(363): Illuminate\\Database\\Schema\\Builder->hasTable('platform_settin...')
#19 /home/uxtbuquy/public_html/kcplacademy.kartikcomtech.in/app/Providers/AppServiceProvider.php(197): Illuminate\\Support\\Facades\\Facade::__callStatic('hasTable', Array)
#20 /home/uxtbuquy/public_html/kcplacademy.kartikcomtech.in/app/Providers/AppServiceProvider.php(80): App\\Providers\\AppServiceProvider->settingsTablesAreReady()
#21 /home/uxtbuquy/public_html/kcplacademy.kartikcomtech.in/vendor/laravel/framework/src/Illuminate/Container/BoundMethod.php(36): App\\Providers\\AppServiceProvider->boot()
#22 /home/uxtbuquy/public_html/kcplacademy.kartikcomtech.in/vendor/laravel/framework/src/Illuminate/Container/Util.php(43): Illuminate\\Container\\BoundMethod::Illuminate\\Container\\{closure}()
#23 /home/uxtbuquy/public_html/kcplacademy.kartikcomtech.in/vendor/laravel/framework/src/Illuminate/Container/BoundMethod.php(96): Illuminate\\Container\\Util::unwrapIfClosure(Object(Closure))
#24 /home/uxtbuquy/public_html/kcplacademy.kartikcomtech.in/vendor/laravel/framework/src/Illuminate/Container/BoundMethod.php(35): Illuminate\\Container\\BoundMethod::callBoundMethod(Object(Illuminate\\Foundation\\Application), Array, Object(Closure))
#25 /home/uxtbuquy/public_html/kcplacademy.kartikcomtech.in/vendor/laravel/framework/src/Illuminate/Container/Container.php(799): Illuminate\\Container\\BoundMethod::call(Object(Illuminate\\Foundation\\Application), Array, Array, NULL)
#26 /home/uxtbuquy/public_html/kcplacademy.kartikcomtech.in/vendor/laravel/framework/src/Illuminate/Foundation/Application.php(1151): Illuminate\\Container\\Container->call(Array)
#27 /home/uxtbuquy/public_html/kcplacademy.kartikcomtech.in/vendor/laravel/framework/src/Illuminate/Foundation/Application.php(1132): Illuminate\\Foundation\\Application->bootProvider(Object(App\\Providers\\AppServiceProvider))
#28 [internal function]: Illuminate\\Foundation\\Application->Illuminate\\Foundation\\{closure}(Object(App\\Providers\\AppServiceProvider), 'App\\\\Providers\\\\A...')
#29 /home/uxtbuquy/public_html/kcplacademy.kartikcomtech.in/vendor/laravel/framework/src/Illuminate/Foundation/Application.php(1131): array_walk(Array, Object(Closure))
#30 /home/uxtbuquy/public_html/kcplacademy.kartikcomtech.in/vendor/laravel/framework/src/Illuminate/Foundation/Bootstrap/BootProviders.php(17): Illuminate\\Foundation\\Application->boot()
#31 /home/uxtbuquy/public_html/kcplacademy.kartikcomtech.in/vendor/laravel/framework/src/Illuminate/Foundation/Application.php(342): Illuminate\\Foundation\\Bootstrap\\BootProviders->bootstrap(Object(Illuminate\\Foundation\\Application))
#32 /home/uxtbuquy/public_html/kcplacademy.kartikcomtech.in/vendor/laravel/framework/src/Illuminate/Foundation/Http/Kernel.php(186): Illuminate\\Foundation\\Application->bootstrapWith(Array)
#33 /home/uxtbuquy/public_html/kcplacademy.kartikcomtech.in/vendor/laravel/framework/src/Illuminate/Foundation/Http/Kernel.php(170): Illuminate\\Foundation\\Http\\Kernel->bootstrap()
#34 /home/uxtbuquy/public_html/kcplacademy.kartikcomtech.in/vendor/laravel/framework/src/Illuminate/Foundation/Http/Kernel.php(144): Illuminate\\Foundation\\Http\\Kernel->sendRequestThroughRouter(Object(Illuminate\\Http\\Request))
#35 /home/uxtbuquy/public_html/kcplacademy.kartikcomtech.in/vendor/laravel/framework/src/Illuminate/Foundation/Application.php(1220): Illuminate\\Foundation\\Http\\Kernel->handle(Object(Illuminate\\Http\\Request))
#36 /home/uxtbuquy/public_html/kcplacademy.kartikcomtech.in/public/index.php(20): Illuminate\\Foundation\\Application->handleRequest(Object(Illuminate\\Http\\Request))
#37 {main}
"} 
[2026-05-17 05:25:50] local.ERROR: SQLSTATE[HY000] [1045] Access denied for user 'root'@'localhost' (using password: NO) (Connection: mysql, Host: 127.0.0.1, Port: 3306, Database: eduex_full, SQL: select exists (select 1 from information_schema.tables where table_schema = schema() and table_name = 'platform_settings' and table_type in ('BASE TABLE', 'SYSTEM VERSIONED')) as `exists`) {"exception":"[object] (Illuminate\\Database\\QueryException(code: 1045): SQLSTATE[HY000] [1045] Access denied for user 'root'@'localhost' (using password: NO) (Connection: mysql, Host: 127.0.0.1, Port: 3306, Database: eduex_full, SQL: select exists (select 1 from information_schema.tables where table_schema = schema() and table_name = 'platform_settings' and table_type in ('BASE TABLE', 'SYSTEM VERSIONED')) as `exists`) at /home/uxtbuquy/public_html/kcplacademy.kartikcomtech.in/vendor/laravel/framework/src/Illuminate/Database/Connection.php:838)
[stacktrace]
#0 /home/uxtbuquy/public_html/kcplacademy.kartikcomtech.in/vendor/laravel/framework/src/Illuminate/Database/Connection.php(999): Illuminate\\Database\\Connection->runQueryCallback('select exists (...', Array, Object(Closure))
#1 /home/uxtbuquy/public_html/kcplacademy.kartikcomtech.in/vendor/laravel/framework/src/Illuminate/Database/Connection.php(978): Illuminate\\Database\\Connection->tryAgainIfCausedByLostConnection(Object(Illuminate\\Database\\QueryException), 'select exists (...', Array, Object(Closure))
#2 /home/uxtbuquy/public_html/kcplacademy.kartikcomtech.in/vendor/laravel/framework/src/Illuminate/Database/Connection.php(796): Illuminate\\Database\\Connection->handleQueryException(Object(Illuminate\\Database\\QueryException), 'select exists (...', Array, Object(Closure))
#3 /home/uxtbuquy/public_html/kcplacademy.kartikcomtech.in/vendor/laravel/framework/src/Illuminate/Database/Connection.php(411): Illuminate\\Database\\Connection->run('select exists (...', Array, Object(Closure))
#4 /home/uxtbuquy/public_html/kcplacademy.kartikcomtech.in/vendor/laravel/framework/src/Illuminate/Database/Connection.php(357): Illuminate\\Database\\Connection->select('select exists (...', Array, true)
#5 /home/uxtbuquy/public_html/kcplacademy.kartikcomtech.in/vendor/laravel/framework/src/Illuminate/Database/Connection.php(374): Illuminate\\Database\\Connection->selectOne('select exists (...', Array, true)
#6 /home/uxtbuquy/public_html/kcplacademy.kartikcomtech.in/vendor/laravel/framework/src/Illuminate/Database/Schema/Builder.php(176): Illuminate\\Database\\Connection->scalar('select exists (...')
#7 /home/uxtbuquy/public_html/kcplacademy.kartikcomtech.in/vendor/laravel/framework/src/Illuminate/Support/Facades/Facade.php(363): Illuminate\\Database\\Schema\\Builder->hasTable('platform_settin...')
#8 /home/uxtbuquy/public_html/kcplacademy.kartikcomtech.in/app/Providers/AppServiceProvider.php(197): Illuminate\\Support\\Facades\\Facade::__callStatic('hasTable', Array)
#9 /home/uxtbuquy/public_html/kcplacademy.kartikcomtech.in/app/Providers/AppServiceProvider.php(80): App\\Providers\\AppServiceProvider->settingsTablesAreReady()
#10 /home/uxtbuquy/public_html/kcplacademy.kartikcomtech.in/vendor/laravel/framework/src/Illuminate/Container/BoundMethod.php(36): App\\Providers\\AppServiceProvider->boot()
#11 /home/uxtbuquy/public_html/kcplacademy.kartikcomtech.in/vendor/laravel/framework/src/Illuminate/Container/Util.php(43): Illuminate\\Container\\BoundMethod::Illuminate\\Container\\{closure}()
#12 /home/uxtbuquy/public_html/kcplacademy.kartikcomtech.in/vendor/laravel/framework/src/Illuminate/Container/BoundMethod.php(96): Illuminate\\Container\\Util::unwrapIfClosure(Object(Closure))
#13 /home/uxtbuquy/public_html/kcplacademy.kartikcomtech.in/vendor/laravel/framework/src/Illuminate/Container/BoundMethod.php(35): Illuminate\\Container\\BoundMethod::callBoundMethod(Object(Illuminate\\Foundation\\Application), Array, Object(Closure))
#14 /home/uxtbuquy/public_html/kcplacademy.kartikcomtech.in/vendor/laravel/framework/src/Illuminate/Container/Container.php(799): Illuminate\\Container\\BoundMethod::call(Object(Illuminate\\Foundation\\Application), Array, Array, NULL)
#15 /home/uxtbuquy/public_html/kcplacademy.kartikcomtech.in/vendor/laravel/framework/src/Illuminate/Foundation/Application.php(1151): Illuminate\\Container\\Container->call(Array)
#16 /home/uxtbuquy/public_html/kcplacademy.kartikcomtech.in/vendor/laravel/framework/src/Illuminate/Foundation/Application.php(1132): Illuminate\\Foundation\\Application->bootProvider(Object(App\\Providers\\AppServiceProvider))
#17 [internal function]: Illuminate\\Foundation\\Application->Illuminate\\Foundation\\{closure}(Object(App\\Providers\\AppServiceProvider), 'App\\\\Providers\\\\A...')
#18 /home/uxtbuquy/public_html/kcplacademy.kartikcomtech.in/vendor/laravel/framework/src/Illuminate/Foundation/Application.php(1131): array_walk(Array, Object(Closure))
#19 /home/uxtbuquy/public_html/kcplacademy.kartikcomtech.in/vendor/laravel/framework/src/Illuminate/Foundation/Bootstrap/BootProviders.php(17): Illuminate\\Foundation\\Application->boot()
#20 /home/uxtbuquy/public_html/kcplacademy.kartikcomtech.in/vendor/laravel/framework/src/Illuminate/Foundation/Application.php(342): Illuminate\\Foundation\\Bootstrap\\BootProviders->bootstrap(Object(Illuminate\\Foundation\\Application))
#21 /home/uxtbuquy/public_html/kcplacademy.kartikcomtech.in/vendor/laravel/framework/src/Illuminate/Foundation/Http/Kernel.php(186): Illuminate\\Foundation\\Application->bootstrapWith(Array)
#22 /home/uxtbuquy/public_html/kcplacademy.kartikcomtech.in/vendor/laravel/framework/src/Illuminate/Foundation/Http/Kernel.php(170): Illuminate\\Foundation\\Http\\Kernel->bootstrap()
#23 /home/uxtbuquy/public_html/kcplacademy.kartikcomtech.in/vendor/laravel/framework/src/Illuminate/Foundation/Http/Kernel.php(144): Illuminate\\Foundation\\Http\\Kernel->sendRequestThroughRouter(Object(Illuminate\\Http\\Request))
#24 /home/uxtbuquy/public_html/kcplacademy.kartikcomtech.in/vendor/laravel/framework/src/Illuminate/Foundation/Application.php(1220): Illuminate\\Foundation\\Http\\Kernel->handle(Object(Illuminate\\Http\\Request))
#25 /home/uxtbuquy/public_html/kcplacademy.kartikcomtech.in/public/index.php(20): Illuminate\\Foundation\\Application->handleRequest(Object(Illuminate\\Http\\Request))
#26 {main}

[previous exception] [object] (PDOException(code: 1045): SQLSTATE[HY000] [1045] Access denied for user 'root'@'localhost' (using password: NO) at /home/uxtbuquy/public_html/kcplacademy.kartikcomtech.in/vendor/laravel/framework/src/Illuminate/Database/Connectors/Connector.php:66)
[stacktrace]
#0 /home/uxtbuquy/public_html/kcplacademy.kartikcomtech.in/vendor/laravel/framework/src/Illuminate/Database/Connectors/Connector.php(66): PDO->__construct('mysql:host=127....', 'root', Object(SensitiveParameterValue), Array)
#1 /home/uxtbuquy/public_html/kcplacademy.kartikcomtech.in/vendor/laravel/framework/src/Illuminate/Database/Connectors/Connector.php(85): Illuminate\\Database\\Connectors\\Connector->createPdoConnection('mysql:host=127....', 'root', Object(SensitiveParameterValue), Array)
#2 /home/uxtbuquy/public_html/kcplacademy.kartikcomtech.in/vendor/laravel/framework/src/Illuminate/Database/Connectors/Connector.php(48): Illuminate\\Database\\Connectors\\Connector->tryAgainIfCausedByLostConnection(Object(PDOException), 'mysql:host=127....', 'root', Object(SensitiveParameterValue), Array)
#3 /home/uxtbuquy/public_html/kcplacademy.kartikcomtech.in/vendor/laravel/framework/src/Illuminate/Database/Connectors/MySqlConnector.php(24): Illuminate\\Database\\Connectors\\Connector->createConnection('mysql:host=127....', Array, Array)
#4 /home/uxtbuquy/public_html/kcplacademy.kartikcomtech.in/vendor/laravel/framework/src/Illuminate/Database/Connectors/ConnectionFactory.php(186): Illuminate\\Database\\Connectors\\MySqlConnector->connect(Array)
#5 [internal function]: Illuminate\\Database\\Connectors\\ConnectionFactory->Illuminate\\Database\\Connectors\\{closure}()
#6 /home/uxtbuquy/public_html/kcplacademy.kartikcomtech.in/vendor/laravel/framework/src/Illuminate/Database/Connection.php(1257): call_user_func(Object(Closure))
#7 /home/uxtbuquy/public_html/kcplacademy.kartikcomtech.in/vendor/laravel/framework/src/Illuminate/Database/Connection.php(1295): Illuminate\\Database\\Connection->getPdo()
#8 /home/uxtbuquy/public_html/kcplacademy.kartikcomtech.in/vendor/laravel/framework/src/Illuminate/Database/Connection.php(525): Illuminate\\Database\\Connection->getReadPdo()
#9 /home/uxtbuquy/public_html/kcplacademy.kartikcomtech.in/vendor/laravel/framework/src/Illuminate/Database/Connection.php(420): Illuminate\\Database\\Connection->getPdoForSelect(true)
#10 /home/uxtbuquy/public_html/kcplacademy.kartikcomtech.in/vendor/laravel/framework/src/Illuminate/Database/Connection.php(827): Illuminate\\Database\\Connection->Illuminate\\Database\\{closure}('select exists (...', Array)
#11 /home/uxtbuquy/public_html/kcplacademy.kartikcomtech.in/vendor/laravel/framework/src/Illuminate/Database/Connection.php(999): Illuminate\\Database\\Connection->runQueryCallback('select exists (...', Array, Object(Closure))
#12 /home/uxtbuquy/public_html/kcplacademy.kartikcomtech.in/vendor/laravel/framework/src/Illuminate/Database/Connection.php(978): Illuminate\\Database\\Connection->tryAgainIfCausedByLostConnection(Object(Illuminate\\Database\\QueryException), 'select exists (...', Array, Object(Closure))
#13 /home/uxtbuquy/public_html/kcplacademy.kartikcomtech.in/vendor/laravel/framework/src/Illuminate/Database/Connection.php(796): Illuminate\\Database\\Connection->handleQueryException(Object(Illuminate\\Database\\QueryException), 'select exists (...', Array, Object(Closure))
#14 /home/uxtbuquy/public_html/kcplacademy.kartikcomtech.in/vendor/laravel/framework/src/Illuminate/Database/Connection.php(411): Illuminate\\Database\\Connection->run('select exists (...', Array, Object(Closure))
#15 /home/uxtbuquy/public_html/kcplacademy.kartikcomtech.in/vendor/laravel/framework/src/Illuminate/Database/Connection.php(357): Illuminate\\Database\\Connection->select('select exists (...', Array, true)
#16 /home/uxtbuquy/public_html/kcplacademy.kartikcomtech.in/vendor/laravel/framework/src/Illuminate/Database/Connection.php(374): Illuminate\\Database\\Connection->selectOne('select exists (...', Array, true)
#17 /home/uxtbuquy/public_html/kcplacademy.kartikcomtech.in/vendor/laravel/framework/src/Illuminate/Database/Schema/Builder.php(176): Illuminate\\Database\\Connection->scalar('select exists (...')
#18 /home/uxtbuquy/public_html/kcplacademy.kartikcomtech.in/vendor/laravel/framework/src/Illuminate/Support/Facades/Facade.php(363): Illuminate\\Database\\Schema\\Builder->hasTable('platform_settin...')
#19 /home/uxtbuquy/public_html/kcplacademy.kartikcomtech.in/app/Providers/AppServiceProvider.php(197): Illuminate\\Support\\Facades\\Facade::__callStatic('hasTable', Array)
#20 /home/uxtbuquy/public_html/kcplacademy.kartikcomtech.in/app/Providers/AppServiceProvider.php(80): App\\Providers\\AppServiceProvider->settingsTablesAreReady()
#21 /home/uxtbuquy/public_html/kcplacademy.kartikcomtech.in/vendor/laravel/framework/src/Illuminate/Container/BoundMethod.php(36): App\\Providers\\AppServiceProvider->boot()
#22 /home/uxtbuquy/public_html/kcplacademy.kartikcomtech.in/vendor/laravel/framework/src/Illuminate/Container/Util.php(43): Illuminate\\Container\\BoundMethod::Illuminate\\Container\\{closure}()
#23 /home/uxtbuquy/public_html/kcplacademy.kartikcomtech.in/vendor/laravel/framework/src/Illuminate/Container/BoundMethod.php(96): Illuminate\\Container\\Util::unwrapIfClosure(Object(Closure))
#24 /home/uxtbuquy/public_html/kcplacademy.kartikcomtech.in/vendor/laravel/framework/src/Illuminate/Container/BoundMethod.php(35): Illuminate\\Container\\BoundMethod::callBoundMethod(Object(Illuminate\\Foundation\\Application), Array, Object(Closure))
#25 /home/uxtbuquy/public_html/kcplacademy.kartikcomtech.in/vendor/laravel/framework/src/Illuminate/Container/Container.php(799): Illuminate\\Container\\BoundMethod::call(Object(Illuminate\\Foundation\\Application), Array, Array, NULL)
#26 /home/uxtbuquy/public_html/kcplacademy.kartikcomtech.in/vendor/laravel/framework/src/Illuminate/Foundation/Application.php(1151): Illuminate\\Container\\Container->call(Array)
#27 /home/uxtbuquy/public_html/kcplacademy.kartikcomtech.in/vendor/laravel/framework/src/Illuminate/Foundation/Application.php(1132): Illuminate\\Foundation\\Application->bootProvider(Object(App\\Providers\\AppServiceProvider))
#28 [internal function]: Illuminate\\Foundation\\Application->Illuminate\\Foundation\\{closure}(Object(App\\Providers\\AppServiceProvider), 'App\\\\Providers\\\\A...')
#29 /home/uxtbuquy/public_html/kcplacademy.kartikcomtech.in/vendor/laravel/framework/src/Illuminate/Foundation/Application.php(1131): array_walk(Array, Object(Closure))
#30 /home/uxtbuquy/public_html/kcplacademy.kartikcomtech.in/vendor/laravel/framework/src/Illuminate/Foundation/Bootstrap/BootProviders.php(17): Illuminate\\Foundation\\Application->boot()
#31 /home/uxtbuquy/public_html/kcplacademy.kartikcomtech.in/vendor/laravel/framework/src/Illuminate/Foundation/Application.php(342): Illuminate\\Foundation\\Bootstrap\\BootProviders->bootstrap(Object(Illuminate\\Foundation\\Application))
#32 /home/uxtbuquy/public_html/kcplacademy.kartikcomtech.in/vendor/laravel/framework/src/Illuminate/Foundation/Http/Kernel.php(186): Illuminate\\Foundation\\Application->bootstrapWith(Array)
#33 /home/uxtbuquy/public_html/kcplacademy.kartikcomtech.in/vendor/laravel/framework/src/Illuminate/Foundation/Http/Kernel.php(170): Illuminate\\Foundation\\Http\\Kernel->bootstrap()
#34 /home/uxtbuquy/public_html/kcplacademy.kartikcomtech.in/vendor/laravel/framework/src/Illuminate/Foundation/Http/Kernel.php(144): Illuminate\\Foundation\\Http\\Kernel->sendRequestThroughRouter(Object(Illuminate\\Http\\Request))
#35 /home/uxtbuquy/public_html/kcplacademy.kartikcomtech.in/vendor/laravel/framework/src/Illuminate/Foundation/Application.php(1220): Illuminate\\Foundation\\Http\\Kernel->handle(Object(Illuminate\\Http\\Request))
#36 /home/uxtbuquy/public_html/kcplacademy.kartikcomtech.in/public/index.php(20): Illuminate\\Foundation\\Application->handleRequest(Object(Illuminate\\Http\\Request))
#37 {main}
"} 
[2026-05-17 05:25:50] local.ERROR: SQLSTATE[HY000] [1045] Access denied for user 'root'@'localhost' (using password: NO) (Connection: mysql, Host: 127.0.0.1, Port: 3306, Database: eduex_full, SQL: select exists (select 1 from information_schema.tables where table_schema = schema() and table_name = 'platform_settings' and table_type in ('BASE TABLE', 'SYSTEM VERSIONED')) as `exists`) {"exception":"[object] (Illuminate\\Database\\QueryException(code: 1045): SQLSTATE[HY000] [1045] Access denied for user 'root'@'localhost' (using password: NO) (Connection: mysql, Host: 127.0.0.1, Port: 3306, Database: eduex_full, SQL: select exists (select 1 from information_schema.tables where table_schema = schema() and table_name = 'platform_settings' and table_type in ('BASE TABLE', 'SYSTEM VERSIONED')) as `exists`) at /home/uxtbuquy/public_html/kcplacademy.kartikcomtech.in/vendor/laravel/framework/src/Illuminate/Database/Connection.php:838)
[stacktrace]
#0 /home/uxtbuquy/public_html/kcplacademy.kartikcomtech.in/vendor/laravel/framework/src/Illuminate/Database/Connection.php(999): Illuminate\\Database\\Connection->runQueryCallback('select exists (...', Array, Object(Closure))
#1 /home/uxtbuquy/public_html/kcplacademy.kartikcomtech.in/vendor/laravel/framework/src/Illuminate/Database/Connection.php(978): Illuminate\\Database\\Connection->tryAgainIfCausedByLostConnection(Object(Illuminate\\Database\\QueryException), 'select exists (...', Array, Object(Closure))
#2 /home/uxtbuquy/public_html/kcplacademy.kartikcomtech.in/vendor/laravel/framework/src/Illuminate/Database/Connection.php(796): Illuminate\\Database\\Connection->handleQueryException(Object(Illuminate\\Database\\QueryException), 'select exists (...', Array, Object(Closure))
#3 /home/uxtbuquy/public_html/kcplacademy.kartikcomtech.in/vendor/laravel/framework/src/Illuminate/Database/Connection.php(411): Illuminate\\Database\\Connection->run('select exists (...', Array, Object(Closure))
#4 /home/uxtbuquy/public_html/kcplacademy.kartikcomtech.in/vendor/laravel/framework/src/Illuminate/Database/Connection.php(357): Illuminate\\Database\\Connection->select('select exists (...', Array, true)
#5 /home/uxtbuquy/public_html/kcplacademy.kartikcomtech.in/vendor/laravel/framework/src/Illuminate/Database/Connection.php(374): Illuminate\\Database\\Connection->selectOne('select exists (...', Array, true)
#6 /home/uxtbuquy/public_html/kcplacademy.kartikcomtech.in/vendor/laravel/framework/src/Illuminate/Database/Schema/Builder.php(176): Illuminate\\Database\\Connection->scalar('select exists (...')
#7 /home/uxtbuquy/public_html/kcplacademy.kartikcomtech.in/vendor/laravel/framework/src/Illuminate/Support/Facades/Facade.php(363): Illuminate\\Database\\Schema\\Builder->hasTable('platform_settin...')
#8 /home/uxtbuquy/public_html/kcplacademy.kartikcomtech.in/app/Providers/AppServiceProvider.php(197): Illuminate\\Support\\Facades\\Facade::__callStatic('hasTable', Array)
#9 /home/uxtbuquy/public_html/kcplacademy.kartikcomtech.in/app/Providers/AppServiceProvider.php(80): App\\Providers\\AppServiceProvider->settingsTablesAreReady()
#10 /home/uxtbuquy/public_html/kcplacademy.kartikcomtech.in/vendor/laravel/framework/src/Illuminate/Container/BoundMethod.php(36): App\\Providers\\AppServiceProvider->boot()
#11 /home/uxtbuquy/public_html/kcplacademy.kartikcomtech.in/vendor/laravel/framework/src/Illuminate/Container/Util.php(43): Illuminate\\Container\\BoundMethod::Illuminate\\Container\\{closure}()
#12 /home/uxtbuquy/public_html/kcplacademy.kartikcomtech.in/vendor/laravel/framework/src/Illuminate/Container/BoundMethod.php(96): Illuminate\\Container\\Util::unwrapIfClosure(Object(Closure))
#13 /home/uxtbuquy/public_html/kcplacademy.kartikcomtech.in/vendor/laravel/framework/src/Illuminate/Container/BoundMethod.php(35): Illuminate\\Container\\BoundMethod::callBoundMethod(Object(Illuminate\\Foundation\\Application), Array, Object(Closure))
#14 /home/uxtbuquy/public_html/kcplacademy.kartikcomtech.in/vendor/laravel/framework/src/Illuminate/Container/Container.php(799): Illuminate\\Container\\BoundMethod::call(Object(Illuminate\\Foundation\\Application), Array, Array, NULL)
#15 /home/uxtbuquy/public_html/kcplacademy.kartikcomtech.in/vendor/laravel/framework/src/Illuminate/Foundation/Application.php(1151): Illuminate\\Container\\Container->call(Array)
#16 /home/uxtbuquy/public_html/kcplacademy.kartikcomtech.in/vendor/laravel/framework/src/Illuminate/Foundation/Application.php(1132): Illuminate\\Foundation\\Application->bootProvider(Object(App\\Providers\\AppServiceProvider))
#17 [internal function]: Illuminate\\Foundation\\Application->Illuminate\\Foundation\\{closure}(Object(App\\Providers\\AppServiceProvider), 'App\\\\Providers\\\\A...')
#18 /home/uxtbuquy/public_html/kcplacademy.kartikcomtech.in/vendor/laravel/framework/src/Illuminate/Foundation/Application.php(1131): array_walk(Array, Object(Closure))
#19 /home/uxtbuquy/public_html/kcplacademy.kartikcomtech.in/vendor/laravel/framework/src/Illuminate/Foundation/Bootstrap/BootProviders.php(17): Illuminate\\Foundation\\Application->boot()
#20 /home/uxtbuquy/public_html/kcplacademy.kartikcomtech.in/vendor/laravel/framework/src/Illuminate/Foundation/Application.php(342): Illuminate\\Foundation\\Bootstrap\\BootProviders->bootstrap(Object(Illuminate\\Foundation\\Application))
#21 /home/uxtbuquy/public_html/kcplacademy.kartikcomtech.in/vendor/laravel/framework/src/Illuminate/Foundation/Http/Kernel.php(186): Illuminate\\Foundation\\Application->bootstrapWith(Array)
#22 /home/uxtbuquy/public_html/kcplacademy.kartikcomtech.in/vendor/laravel/framework/src/Illuminate/Foundation/Http/Kernel.php(170): Illuminate\\Foundation\\Http\\Kernel->bootstrap()
#23 /home/uxtbuquy/public_html/kcplacademy.kartikcomtech.in/vendor/laravel/framework/src/Illuminate/Foundation/Http/Kernel.php(144): Illuminate\\Foundation\\Http\\Kernel->sendRequestThroughRouter(Object(Illuminate\\Http\\Request))
#24 /home/uxtbuquy/public_html/kcplacademy.kartikcomtech.in/vendor/laravel/framework/src/Illuminate/Foundation/Application.php(1220): Illuminate\\Foundation\\Http\\Kernel->handle(Object(Illuminate\\Http\\Request))
#25 /home/uxtbuquy/public_html/kcplacademy.kartikcomtech.in/public/index.php(20): Illuminate\\Foundation\\Application->handleRequest(Object(Illuminate\\Http\\Request))
#26 {main}

[previous exception] [object] (PDOException(code: 1045): SQLSTATE[HY000] [1045] Access denied for user 'root'@'localhost' (using password: NO) at /home/uxtbuquy/public_html/kcplacademy.kartikcomtech.in/vendor/laravel/framework/src/Illuminate/Database/Connectors/Connector.php:66)
[stacktrace]
#0 /home/uxtbuquy/public_html/kcplacademy.kartikcomtech.in/vendor/laravel/framework/src/Illuminate/Database/Connectors/Connector.php(66): PDO->__construct('mysql:host=127....', 'root', Object(SensitiveParameterValue), Array)
#1 /home/uxtbuquy/public_html/kcplacademy.kartikcomtech.in/vendor/laravel/framework/src/Illuminate/Database/Connectors/Connector.php(85): Illuminate\\Database\\Connectors\\Connector->createPdoConnection('mysql:host=127....', 'root', Object(SensitiveParameterValue), Array)
#2 /home/uxtbuquy/public_html/kcplacademy.kartikcomtech.in/vendor/laravel/framework/src/Illuminate/Database/Connectors/Connector.php(48): Illuminate\\Database\\Connectors\\Connector->tryAgainIfCausedByLostConnection(Object(PDOException), 'mysql:host=127....', 'root', Object(SensitiveParameterValue), Array)
#3 /home/uxtbuquy/public_html/kcplacademy.kartikcomtech.in/vendor/laravel/framework/src/Illuminate/Database/Connectors/MySqlConnector.php(24): Illuminate\\Database\\Connectors\\Connector->createConnection('mysql:host=127....', Array, Array)
#4 /home/uxtbuquy/public_html/kcplacademy.kartikcomtech.in/vendor/laravel/framework/src/Illuminate/Database/Connectors/ConnectionFactory.php(186): Illuminate\\Database\\Connectors\\MySqlConnector->connect(Array)
#5 [internal function]: Illuminate\\Database\\Connectors\\ConnectionFactory->Illuminate\\Database\\Connectors\\{closure}()
#6 /home/uxtbuquy/public_html/kcplacademy.kartikcomtech.in/vendor/laravel/framework/src/Illuminate/Database/Connection.php(1257): call_user_func(Object(Closure))
#7 /home/uxtbuquy/public_html/kcplacademy.kartikcomtech.in/vendor/laravel/framework/src/Illuminate/Database/Connection.php(1295): Illuminate\\Database\\Connection->getPdo()
#8 /home/uxtbuquy/public_html/kcplacademy.kartikcomtech.in/vendor/laravel/framework/src/Illuminate/Database/Connection.php(525): Illuminate\\Database\\Connection->getReadPdo()
#9 /home/uxtbuquy/public_html/kcplacademy.kartikcomtech.in/vendor/laravel/framework/src/Illuminate/Database/Connection.php(420): Illuminate\\Database\\Connection->getPdoForSelect(true)
#10 /home/uxtbuquy/public_html/kcplacademy.kartikcomtech.in/vendor/laravel/framework/src/Illuminate/Database/Connection.php(827): Illuminate\\Database\\Connection->Illuminate\\Database\\{closure}('select exists (...', Array)
#11 /home/uxtbuquy/public_html/kcplacademy.kartikcomtech.in/vendor/laravel/framework/src/Illuminate/Database/Connection.php(999): Illuminate\\Database\\Connection->runQueryCallback('select exists (...', Array, Object(Closure))
#12 /home/uxtbuquy/public_html/kcplacademy.kartikcomtech.in/vendor/laravel/framework/src/Illuminate/Database/Connection.php(978): Illuminate\\Database\\Connection->tryAgainIfCausedByLostConnection(Object(Illuminate\\Database\\QueryException), 'select exists (...', Array, Object(Closure))
#13 /home/uxtbuquy/public_html/kcplacademy.kartikcomtech.in/vendor/laravel/framework/src/Illuminate/Database/Connection.php(796): Illuminate\\Database\\Connection->handleQueryException(Object(Illuminate\\Database\\QueryException), 'select exists (...', Array, Object(Closure))
#14 /home/uxtbuquy/public_html/kcplacademy.kartikcomtech.in/vendor/laravel/framework/src/Illuminate/Database/Connection.php(411): Illuminate\\Database\\Connection->run('select exists (...', Array, Object(Closure))
#15 /home/uxtbuquy/public_html/kcplacademy.kartikcomtech.in/vendor/laravel/framework/src/Illuminate/Database/Connection.php(357): Illuminate\\Database\\Connection->select('select exists (...', Array, true)
#16 /home/uxtbuquy/public_html/kcplacademy.kartikcomtech.in/vendor/laravel/framework/src/Illuminate/Database/Connection.php(374): Illuminate\\Database\\Connection->selectOne('select exists (...', Array, true)
#17 /home/uxtbuquy/public_html/kcplacademy.kartikcomtech.in/vendor/laravel/framework/src/Illuminate/Database/Schema/Builder.php(176): Illuminate\\Database\\Connection->scalar('select exists (...')
#18 /home/uxtbuquy/public_html/kcplacademy.kartikcomtech.in/vendor/laravel/framework/src/Illuminate/Support/Facades/Facade.php(363): Illuminate\\Database\\Schema\\Builder->hasTable('platform_settin...')
#19 /home/uxtbuquy/public_html/kcplacademy.kartikcomtech.in/app/Providers/AppServiceProvider.php(197): Illuminate\\Support\\Facades\\Facade::__callStatic('hasTable', Array)
#20 /home/uxtbuquy/public_html/kcplacademy.kartikcomtech.in/app/Providers/AppServiceProvider.php(80): App\\Providers\\AppServiceProvider->settingsTablesAreReady()
#21 /home/uxtbuquy/public_html/kcplacademy.kartikcomtech.in/vendor/laravel/framework/src/Illuminate/Container/BoundMethod.php(36): App\\Providers\\AppServiceProvider->boot()
#22 /home/uxtbuquy/public_html/kcplacademy.kartikcomtech.in/vendor/laravel/framework/src/Illuminate/Container/Util.php(43): Illuminate\\Container\\BoundMethod::Illuminate\\Container\\{closure}()
#23 /home/uxtbuquy/public_html/kcplacademy.kartikcomtech.in/vendor/laravel/framework/src/Illuminate/Container/BoundMethod.php(96): Illuminate\\Container\\Util::unwrapIfClosure(Object(Closure))
#24 /home/uxtbuquy/public_html/kcplacademy.kartikcomtech.in/vendor/laravel/framework/src/Illuminate/Container/BoundMethod.php(35): Illuminate\\Container\\BoundMethod::callBoundMethod(Object(Illuminate\\Foundation\\Application), Array, Object(Closure))
#25 /home/uxtbuquy/public_html/kcplacademy.kartikcomtech.in/vendor/laravel/framework/src/Illuminate/Container/Container.php(799): Illuminate\\Container\\BoundMethod::call(Object(Illuminate\\Foundation\\Application), Array, Array, NULL)
#26 /home/uxtbuquy/public_html/kcplacademy.kartikcomtech.in/vendor/laravel/framework/src/Illuminate/Foundation/Application.php(1151): Illuminate\\Container\\Container->call(Array)
#27 /home/uxtbuquy/public_html/kcplacademy.kartikcomtech.in/vendor/laravel/framework/src/Illuminate/Foundation/Application.php(1132): Illuminate\\Foundation\\Application->bootProvider(Object(App\\Providers\\AppServiceProvider))
#28 [internal function]: Illuminate\\Foundation\\Application->Illuminate\\Foundation\\{closure}(Object(App\\Providers\\AppServiceProvider), 'App\\\\Providers\\\\A...')
#29 /home/uxtbuquy/public_html/kcplacademy.kartikcomtech.in/vendor/laravel/framework/src/Illuminate/Foundation/Application.php(1131): array_walk(Array, Object(Closure))
#30 /home/uxtbuquy/public_html/kcplacademy.kartikcomtech.in/vendor/laravel/framework/src/Illuminate/Foundation/Bootstrap/BootProviders.php(17): Illuminate\\Foundation\\Application->boot()
#31 /home/uxtbuquy/public_html/kcplacademy.kartikcomtech.in/vendor/laravel/framework/src/Illuminate/Foundation/Application.php(342): Illuminate\\Foundation\\Bootstrap\\BootProviders->bootstrap(Object(Illuminate\\Foundation\\Application))
#32 /home/uxtbuquy/public_html/kcplacademy.kartikcomtech.in/vendor/laravel/framework/src/Illuminate/Foundation/Http/Kernel.php(186): Illuminate\\Foundation\\Application->bootstrapWith(Array)
#33 /home/uxtbuquy/public_html/kcplacademy.kartikcomtech.in/vendor/laravel/framework/src/Illuminate/Foundation/Http/Kernel.php(170): Illuminate\\Foundation\\Http\\Kernel->bootstrap()
#34 /home/uxtbuquy/public_html/kcplacademy.kartikcomtech.in/vendor/laravel/framework/src/Illuminate/Foundation/Http/Kernel.php(144): Illuminate\\Foundation\\Http\\Kernel->sendRequestThroughRouter(Object(Illuminate\\Http\\Request))
#35 /home/uxtbuquy/public_html/kcplacademy.kartikcomtech.in/vendor/laravel/framework/src/Illuminate/Foundation/Application.php(1220): Illuminate\\Foundation\\Http\\Kernel->handle(Object(Illuminate\\Http\\Request))
#36 /home/uxtbuquy/public_html/kcplacademy.kartikcomtech.in/public/index.php(20): Illuminate\\Foundation\\Application->handleRequest(Object(Illuminate\\Http\\Request))
#37 {main}
"} 
[2026-05-17 05:25:54] local.ERROR: SQLSTATE[HY000] [1045] Access denied for user 'root'@'localhost' (using password: NO) (Connection: mysql, Host: 127.0.0.1, Port: 3306, Database: eduex_full, SQL: select exists (select 1 from information_schema.tables where table_schema = schema() and table_name = 'platform_settings' and table_type in ('BASE TABLE', 'SYSTEM VERSIONED')) as `exists`) {"exception":"[object] (Illuminate\\Database\\QueryException(code: 1045): SQLSTATE[HY000] [1045] Access denied for user 'root'@'localhost' (using password: NO) (Connection: mysql, Host: 127.0.0.1, Port: 3306, Database: eduex_full, SQL: select exists (select 1 from information_schema.tables where table_schema = schema() and table_name = 'platform_settings' and table_type in ('BASE TABLE', 'SYSTEM VERSIONED')) as `exists`) at /home/uxtbuquy/public_html/kcplacademy.kartikcomtech.in/vendor/laravel/framework/src/Illuminate/Database/Connection.php:838)
[stacktrace]
#0 /home/uxtbuquy/public_html/kcplacademy.kartikcomtech.in/vendor/laravel/framework/src/Illuminate/Database/Connection.php(999): Illuminate\\Database\\Connection->runQueryCallback('select exists (...', Array, Object(Closure))
#1 /home/uxtbuquy/public_html/kcplacademy.kartikcomtech.in/vendor/laravel/framework/src/Illuminate/Database/Connection.php(978): Illuminate\\Database\\Connection->tryAgainIfCausedByLostConnection(Object(Illuminate\\Database\\QueryException), 'select exists (...', Array, Object(Closure))
#2 /home/uxtbuquy/public_html/kcplacademy.kartikcomtech.in/vendor/laravel/framework/src/Illuminate/Database/Connection.php(796): Illuminate\\Database\\Connection->handleQueryException(Object(Illuminate\\Database\\QueryException), 'select exists (...', Array, Object(Closure))
#3 /home/uxtbuquy/public_html/kcplacademy.kartikcomtech.in/vendor/laravel/framework/src/Illuminate/Database/Connection.php(411): Illuminate\\Database\\Connection->run('select exists (...', Array, Object(Closure))
#4 /home/uxtbuquy/public_html/kcplacademy.kartikcomtech.in/vendor/laravel/framework/src/Illuminate/Database/Connection.php(357): Illuminate\\Database\\Connection->select('select exists (...', Array, true)
#5 /home/uxtbuquy/public_html/kcplacademy.kartikcomtech.in/vendor/laravel/framework/src/Illuminate/Database/Connection.php(374): Illuminate\\Database\\Connection->selectOne('select exists (...', Array, true)
#6 /home/uxtbuquy/public_html/kcplacademy.kartikcomtech.in/vendor/laravel/framework/src/Illuminate/Database/Schema/Builder.php(176): Illuminate\\Database\\Connection->scalar('select exists (...')
#7 /home/uxtbuquy/public_html/kcplacademy.kartikcomtech.in/vendor/laravel/framework/src/Illuminate/Support/Facades/Facade.php(363): Illuminate\\Database\\Schema\\Builder->hasTable('platform_settin...')
#8 /home/uxtbuquy/public_html/kcplacademy.kartikcomtech.in/app/Providers/AppServiceProvider.php(197): Illuminate\\Support\\Facades\\Facade::__callStatic('hasTable', Array)
#9 /home/uxtbuquy/public_html/kcplacademy.kartikcomtech.in/app/Providers/AppServiceProvider.php(80): App\\Providers\\AppServiceProvider->settingsTablesAreReady()
#10 /home/uxtbuquy/public_html/kcplacademy.kartikcomtech.in/vendor/laravel/framework/src/Illuminate/Container/BoundMethod.php(36): App\\Providers\\AppServiceProvider->boot()
#11 /home/uxtbuquy/public_html/kcplacademy.kartikcomtech.in/vendor/laravel/framework/src/Illuminate/Container/Util.php(43): Illuminate\\Container\\BoundMethod::Illuminate\\Container\\{closure}()
#12 /home/uxtbuquy/public_html/kcplacademy.kartikcomtech.in/vendor/laravel/framework/src/Illuminate/Container/BoundMethod.php(96): Illuminate\\Container\\Util::unwrapIfClosure(Object(Closure))
#13 /home/uxtbuquy/public_html/kcplacademy.kartikcomtech.in/vendor/laravel/framework/src/Illuminate/Container/BoundMethod.php(35): Illuminate\\Container\\BoundMethod::callBoundMethod(Object(Illuminate\\Foundation\\Application), Array, Object(Closure))
#14 /home/uxtbuquy/public_html/kcplacademy.kartikcomtech.in/vendor/laravel/framework/src/Illuminate/Container/Container.php(799): Illuminate\\Container\\BoundMethod::call(Object(Illuminate\\Foundation\\Application), Array, Array, NULL)
#15 /home/uxtbuquy/public_html/kcplacademy.kartikcomtech.in/vendor/laravel/framework/src/Illuminate/Foundation/Application.php(1151): Illuminate\\Container\\Container->call(Array)
#16 /home/uxtbuquy/public_html/kcplacademy.kartikcomtech.in/vendor/laravel/framework/src/Illuminate/Foundation/Application.php(1132): Illuminate\\Foundation\\Application->bootProvider(Object(App\\Providers\\AppServiceProvider))
#17 [internal function]: Illuminate\\Foundation\\Application->Illuminate\\Foundation\\{closure}(Object(App\\Providers\\AppServiceProvider), 'App\\\\Providers\\\\A...')
#18 /home/uxtbuquy/public_html/kcplacademy.kartikcomtech.in/vendor/laravel/framework/src/Illuminate/Foundation/Application.php(1131): array_walk(Array, Object(Closure))
#19 /home/uxtbuquy/public_html/kcplacademy.kartikcomtech.in/vendor/laravel/framework/src/Illuminate/Foundation/Bootstrap/BootProviders.php(17): Illuminate\\Foundation\\Application->boot()
#20 /home/uxtbuquy/public_html/kcplacademy.kartikcomtech.in/vendor/laravel/framework/src/Illuminate/Foundation/Application.php(342): Illuminate\\Foundation\\Bootstrap\\BootProviders->bootstrap(Object(Illuminate\\Foundation\\Application))
#21 /home/uxtbuquy/public_html/kcplacademy.kartikcomtech.in/vendor/laravel/framework/src/Illuminate/Foundation/Http/Kernel.php(186): Illuminate\\Foundation\\Application->bootstrapWith(Array)
#22 /home/uxtbuquy/public_html/kcplacademy.kartikcomtech.in/vendor/laravel/framework/src/Illuminate/Foundation/Http/Kernel.php(170): Illuminate\\Foundation\\Http\\Kernel->bootstrap()
#23 /home/uxtbuquy/public_html/kcplacademy.kartikcomtech.in/vendor/laravel/framework/src/Illuminate/Foundation/Http/Kernel.php(144): Illuminate\\Foundation\\Http\\Kernel->sendRequestThroughRouter(Object(Illuminate\\Http\\Request))
#24 /home/uxtbuquy/public_html/kcplacademy.kartikcomtech.in/vendor/laravel/framework/src/Illuminate/Foundation/Application.php(1220): Illuminate\\Foundation\\Http\\Kernel->handle(Object(Illuminate\\Http\\Request))
#25 /home/uxtbuquy/public_html/kcplacademy.kartikcomtech.in/public/index.php(20): Illuminate\\Foundation\\Application->handleRequest(Object(Illuminate\\Http\\Request))
#26 {main}

[previous exception] [object] (PDOException(code: 1045): SQLSTATE[HY000] [1045] Access denied for user 'root'@'localhost' (using password: NO) at /home/uxtbuquy/public_html/kcplacademy.kartikcomtech.in/vendor/laravel/framework/src/Illuminate/Database/Connectors/Connector.php:66)
[stacktrace]
#0 /home/uxtbuquy/public_html/kcplacademy.kartikcomtech.in/vendor/laravel/framework/src/Illuminate/Database/Connectors/Connector.php(66): PDO->__construct('mysql:host=127....', 'root', Object(SensitiveParameterValue), Array)
#1 /home/uxtbuquy/public_html/kcplacademy.kartikcomtech.in/vendor/laravel/framework/src/Illuminate/Database/Connectors/Connector.php(85): Illuminate\\Database\\Connectors\\Connector->createPdoConnection('mysql:host=127....', 'root', Object(SensitiveParameterValue), Array)
#2 /home/uxtbuquy/public_html/kcplacademy.kartikcomtech.in/vendor/laravel/framework/src/Illuminate/Database/Connectors/Connector.php(48): Illuminate\\Database\\Connectors\\Connector->tryAgainIfCausedByLostConnection(Object(PDOException), 'mysql:host=127....', 'root', Object(SensitiveParameterValue), Array)
#3 /home/uxtbuquy/public_html/kcplacademy.kartikcomtech.in/vendor/laravel/framework/src/Illuminate/Database/Connectors/MySqlConnector.php(24): Illuminate\\Database\\Connectors\\Connector->createConnection('mysql:host=127....', Array, Array)
#4 /home/uxtbuquy/public_html/kcplacademy.kartikcomtech.in/vendor/laravel/framework/src/Illuminate/Database/Connectors/ConnectionFactory.php(186): Illuminate\\Database\\Connectors\\MySqlConnector->connect(Array)
#5 [internal function]: Illuminate\\Database\\Connectors\\ConnectionFactory->Illuminate\\Database\\Connectors\\{closure}()
#6 /home/uxtbuquy/public_html/kcplacademy.kartikcomtech.in/vendor/laravel/framework/src/Illuminate/Database/Connection.php(1257): call_user_func(Object(Closure))
#7 /home/uxtbuquy/public_html/kcplacademy.kartikcomtech.in/vendor/laravel/framework/src/Illuminate/Database/Connection.php(1295): Illuminate\\Database\\Connection->getPdo()
#8 /home/uxtbuquy/public_html/kcplacademy.kartikcomtech.in/vendor/laravel/framework/src/Illuminate/Database/Connection.php(525): Illuminate\\Database\\Connection->getReadPdo()
#9 /home/uxtbuquy/public_html/kcplacademy.kartikcomtech.in/vendor/laravel/framework/src/Illuminate/Database/Connection.php(420): Illuminate\\Database\\Connection->getPdoForSelect(true)
#10 /home/uxtbuquy/public_html/kcplacademy.kartikcomtech.in/vendor/laravel/framework/src/Illuminate/Database/Connection.php(827): Illuminate\\Database\\Connection->Illuminate\\Database\\{closure}('select exists (...', Array)
#11 /home/uxtbuquy/public_html/kcplacademy.kartikcomtech.in/vendor/laravel/framework/src/Illuminate/Database/Connection.php(999): Illuminate\\Database\\Connection->runQueryCallback('select exists (...', Array, Object(Closure))
#12 /home/uxtbuquy/public_html/kcplacademy.kartikcomtech.in/vendor/laravel/framework/src/Illuminate/Database/Connection.php(978): Illuminate\\Database\\Connection->tryAgainIfCausedByLostConnection(Object(Illuminate\\Database\\QueryException), 'select exists (...', Array, Object(Closure))
#13 /home/uxtbuquy/public_html/kcplacademy.kartikcomtech.in/vendor/laravel/framework/src/Illuminate/Database/Connection.php(796): Illuminate\\Database\\Connection->handleQueryException(Object(Illuminate\\Database\\QueryException), 'select exists (...', Array, Object(Closure))
#14 /home/uxtbuquy/public_html/kcplacademy.kartikcomtech.in/vendor/laravel/framework/src/Illuminate/Database/Connection.php(411): Illuminate\\Database\\Connection->run('select exists (...', Array, Object(Closure))
#15 /home/uxtbuquy/public_html/kcplacademy.kartikcomtech.in/vendor/laravel/framework/src/Illuminate/Database/Connection.php(357): Illuminate\\Database\\Connection->select('select exists (...', Array, true)
#16 /home/uxtbuquy/public_html/kcplacademy.kartikcomtech.in/vendor/laravel/framework/src/Illuminate/Database/Connection.php(374): Illuminate\\Database\\Connection->selectOne('select exists (...', Array, true)
#17 /home/uxtbuquy/public_html/kcplacademy.kartikcomtech.in/vendor/laravel/framework/src/Illuminate/Database/Schema/Builder.php(176): Illuminate\\Database\\Connection->scalar('select exists (...')
#18 /home/uxtbuquy/public_html/kcplacademy.kartikcomtech.in/vendor/laravel/framework/src/Illuminate/Support/Facades/Facade.php(363): Illuminate\\Database\\Schema\\Builder->hasTable('platform_settin...')
#19 /home/uxtbuquy/public_html/kcplacademy.kartikcomtech.in/app/Providers/AppServiceProvider.php(197): Illuminate\\Support\\Facades\\Facade::__callStatic('hasTable', Array)
#20 /home/uxtbuquy/public_html/kcplacademy.kartikcomtech.in/app/Providers/AppServiceProvider.php(80): App\\Providers\\AppServiceProvider->settingsTablesAreReady()
#21 /home/uxtbuquy/public_html/kcplacademy.kartikcomtech.in/vendor/laravel/framework/src/Illuminate/Container/BoundMethod.php(36): App\\Providers\\AppServiceProvider->boot()
#22 /home/uxtbuquy/public_html/kcplacademy.kartikcomtech.in/vendor/laravel/framework/src/Illuminate/Container/Util.php(43): Illuminate\\Container\\BoundMethod::Illuminate\\Container\\{closure}()
#23 /home/uxtbuquy/public_html/kcplacademy.kartikcomtech.in/vendor/laravel/framework/src/Illuminate/Container/BoundMethod.php(96): Illuminate\\Container\\Util::unwrapIfClosure(Object(Closure))
#24 /home/uxtbuquy/public_html/kcplacademy.kartikcomtech.in/vendor/laravel/framework/src/Illuminate/Container/BoundMethod.php(35): Illuminate\\Container\\BoundMethod::callBoundMethod(Object(Illuminate\\Foundation\\Application), Array, Object(Closure))
#25 /home/uxtbuquy/public_html/kcplacademy.kartikcomtech.in/vendor/laravel/framework/src/Illuminate/Container/Container.php(799): Illuminate\\Container\\BoundMethod::call(Object(Illuminate\\Foundation\\Application), Array, Array, NULL)
#26 /home/uxtbuquy/public_html/kcplacademy.kartikcomtech.in/vendor/laravel/framework/src/Illuminate/Foundation/Application.php(1151): Illuminate\\Container\\Container->call(Array)
#27 /home/uxtbuquy/public_html/kcplacademy.kartikcomtech.in/vendor/laravel/framework/src/Illuminate/Foundation/Application.php(1132): Illuminate\\Foundation\\Application->bootProvider(Object(App\\Providers\\AppServiceProvider))
#28 [internal function]: Illuminate\\Foundation\\Application->Illuminate\\Foundation\\{closure}(Object(App\\Providers\\AppServiceProvider), 'App\\\\Providers\\\\A...')
#29 /home/uxtbuquy/public_html/kcplacademy.kartikcomtech.in/vendor/laravel/framework/src/Illuminate/Foundation/Application.php(1131): array_walk(Array, Object(Closure))
#30 /home/uxtbuquy/public_html/kcplacademy.kartikcomtech.in/vendor/laravel/framework/src/Illuminate/Foundation/Bootstrap/BootProviders.php(17): Illuminate\\Foundation\\Application->boot()
#31 /home/uxtbuquy/public_html/kcplacademy.kartikcomtech.in/vendor/laravel/framework/src/Illuminate/Foundation/Application.php(342): Illuminate\\Foundation\\Bootstrap\\BootProviders->bootstrap(Object(Illuminate\\Foundation\\Application))
#32 /home/uxtbuquy/public_html/kcplacademy.kartikcomtech.in/vendor/laravel/framework/src/Illuminate/Foundation/Http/Kernel.php(186): Illuminate\\Foundation\\Application->bootstrapWith(Array)
#33 /home/uxtbuquy/public_html/kcplacademy.kartikcomtech.in/vendor/laravel/framework/src/Illuminate/Foundation/Http/Kernel.php(170): Illuminate\\Foundation\\Http\\Kernel->bootstrap()
#34 /home/uxtbuquy/public_html/kcplacademy.kartikcomtech.in/vendor/laravel/framework/src/Illuminate/Foundation/Http/Kernel.php(144): Illuminate\\Foundation\\Http\\Kernel->sendRequestThroughRouter(Object(Illuminate\\Http\\Request))
#35 /home/uxtbuquy/public_html/kcplacademy.kartikcomtech.in/vendor/laravel/framework/src/Illuminate/Foundation/Application.php(1220): Illuminate\\Foundation\\Http\\Kernel->handle(Object(Illuminate\\Http\\Request))
#36 /home/uxtbuquy/public_html/kcplacademy.kartikcomtech.in/public/index.php(20): Illuminate\\Foundation\\Application->handleRequest(Object(Illuminate\\Http\\Request))
#37 {main}
"} 
[2026-05-17 05:25:54] local.ERROR: SQLSTATE[HY000] [1045] Access denied for user 'root'@'localhost' (using password: NO) (Connection: mysql, Host: 127.0.0.1, Port: 3306, Database: eduex_full, SQL: select exists (select 1 from information_schema.tables where table_schema = schema() and table_name = 'platform_settings' and table_type in ('BASE TABLE', 'SYSTEM VERSIONED')) as `exists`) {"exception":"[object] (Illuminate\\Database\\QueryException(code: 1045): SQLSTATE[HY000] [1045] Access denied for user 'root'@'localhost' (using password: NO) (Connection: mysql, Host: 127.0.0.1, Port: 3306, Database: eduex_full, SQL: select exists (select 1 from information_schema.tables where table_schema = schema() and table_name = 'platform_settings' and table_type in ('BASE TABLE', 'SYSTEM VERSIONED')) as `exists`) at /home/uxtbuquy/public_html/kcplacademy.kartikcomtech.in/vendor/laravel/framework/src/Illuminate/Database/Connection.php:838)
[stacktrace]
#0 /home/uxtbuquy/public_html/kcplacademy.kartikcomtech.in/vendor/laravel/framework/src/Illuminate/Database/Connection.php(999): Illuminate\\Database\\Connection->runQueryCallback('select exists (...', Array, Object(Closure))
#1 /home/uxtbuquy/public_html/kcplacademy.kartikcomtech.in/vendor/laravel/framework/src/Illuminate/Database/Connection.php(978): Illuminate\\Database\\Connection->tryAgainIfCausedByLostConnection(Object(Illuminate\\Database\\QueryException), 'select exists (...', Array, Object(Closure))
#2 /home/uxtbuquy/public_html/kcplacademy.kartikcomtech.in/vendor/laravel/framework/src/Illuminate/Database/Connection.php(796): Illuminate\\Database\\Connection->handleQueryException(Object(Illuminate\\Database\\QueryException), 'select exists (...', Array, Object(Closure))
#3 /home/uxtbuquy/public_html/kcplacademy.kartikcomtech.in/vendor/laravel/framework/src/Illuminate/Database/Connection.php(411): Illuminate\\Database\\Connection->run('select exists (...', Array, Object(Closure))
#4 /home/uxtbuquy/public_html/kcplacademy.kartikcomtech.in/vendor/laravel/framework/src/Illuminate/Database/Connection.php(357): Illuminate\\Database\\Connection->select('select exists (...', Array, true)
#5 /home/uxtbuquy/public_html/kcplacademy.kartikcomtech.in/vendor/laravel/framework/src/Illuminate/Database/Connection.php(374): Illuminate\\Database\\Connection->selectOne('select exists (...', Array, true)
#6 /home/uxtbuquy/public_html/kcplacademy.kartikcomtech.in/vendor/laravel/framework/src/Illuminate/Database/Schema/Builder.php(176): Illuminate\\Database\\Connection->scalar('select exists (...')
#7 /home/uxtbuquy/public_html/kcplacademy.kartikcomtech.in/vendor/laravel/framework/src/Illuminate/Support/Facades/Facade.php(363): Illuminate\\Database\\Schema\\Builder->hasTable('platform_settin...')
#8 /home/uxtbuquy/public_html/kcplacademy.kartikcomtech.in/app/Providers/AppServiceProvider.php(197): Illuminate\\Support\\Facades\\Facade::__callStatic('hasTable', Array)
#9 /home/uxtbuquy/public_html/kcplacademy.kartikcomtech.in/app/Providers/AppServiceProvider.php(80): App\\Providers\\AppServiceProvider->settingsTablesAreReady()
#10 /home/uxtbuquy/public_html/kcplacademy.kartikcomtech.in/vendor/laravel/framework/src/Illuminate/Container/BoundMethod.php(36): App\\Providers\\AppServiceProvider->boot()
#11 /home/uxtbuquy/public_html/kcplacademy.kartikcomtech.in/vendor/laravel/framework/src/Illuminate/Container/Util.php(43): Illuminate\\Container\\BoundMethod::Illuminate\\Container\\{closure}()
#12 /home/uxtbuquy/public_html/kcplacademy.kartikcomtech.in/vendor/laravel/framework/src/Illuminate/Container/BoundMethod.php(96): Illuminate\\Container\\Util::unwrapIfClosure(Object(Closure))
#13 /home/uxtbuquy/public_html/kcplacademy.kartikcomtech.in/vendor/laravel/framework/src/Illuminate/Container/BoundMethod.php(35): Illuminate\\Container\\BoundMethod::callBoundMethod(Object(Illuminate\\Foundation\\Application), Array, Object(Closure))
#14 /home/uxtbuquy/public_html/kcplacademy.kartikcomtech.in/vendor/laravel/framework/src/Illuminate/Container/Container.php(799): Illuminate\\Container\\BoundMethod::call(Object(Illuminate\\Foundation\\Application), Array, Array, NULL)
#15 /home/uxtbuquy/public_html/kcplacademy.kartikcomtech.in/vendor/laravel/framework/src/Illuminate/Foundation/Application.php(1151): Illuminate\\Container\\Container->call(Array)
#16 /home/uxtbuquy/public_html/kcplacademy.kartikcomtech.in/vendor/laravel/framework/src/Illuminate/Foundation/Application.php(1132): Illuminate\\Foundation\\Application->bootProvider(Object(App\\Providers\\AppServiceProvider))
#17 [internal function]: Illuminate\\Foundation\\Application->Illuminate\\Foundation\\{closure}(Object(App\\Providers\\AppServiceProvider), 'App\\\\Providers\\\\A...')
#18 /home/uxtbuquy/public_html/kcplacademy.kartikcomtech.in/vendor/laravel/framework/src/Illuminate/Foundation/Application.php(1131): array_walk(Array, Object(Closure))
#19 /home/uxtbuquy/public_html/kcplacademy.kartikcomtech.in/vendor/laravel/framework/src/Illuminate/Foundation/Bootstrap/BootProviders.php(17): Illuminate\\Foundation\\Application->boot()
#20 /home/uxtbuquy/public_html/kcplacademy.kartikcomtech.in/vendor/laravel/framework/src/Illuminate/Foundation/Application.php(342): Illuminate\\Foundation\\Bootstrap\\BootProviders->bootstrap(Object(Illuminate\\Foundation\\Application))
#21 /home/uxtbuquy/public_html/kcplacademy.kartikcomtech.in/vendor/laravel/framework/src/Illuminate/Foundation/Http/Kernel.php(186): Illuminate\\Foundation\\Application->bootstrapWith(Array)
#22 /home/uxtbuquy/public_html/kcplacademy.kartikcomtech.in/vendor/laravel/framework/src/Illuminate/Foundation/Http/Kernel.php(170): Illuminate\\Foundation\\Http\\Kernel->bootstrap()
#23 /home/uxtbuquy/public_html/kcplacademy.kartikcomtech.in/vendor/laravel/framework/src/Illuminate/Foundation/Http/Kernel.php(144): Illuminate\\Foundation\\Http\\Kernel->sendRequestThroughRouter(Object(Illuminate\\Http\\Request))
#24 /home/uxtbuquy/public_html/kcplacademy.kartikcomtech.in/vendor/laravel/framework/src/Illuminate/Foundation/Application.php(1220): Illuminate\\Foundation\\Http\\Kernel->handle(Object(Illuminate\\Http\\Request))
#25 /home/uxtbuquy/public_html/kcplacademy.kartikcomtech.in/public/index.php(20): Illuminate\\Foundation\\Application->handleRequest(Object(Illuminate\\Http\\Request))
#26 {main}

[previous exception] [object] (PDOException(code: 1045): SQLSTATE[HY000] [1045] Access denied for user 'root'@'localhost' (using password: NO) at /home/uxtbuquy/public_html/kcplacademy.kartikcomtech.in/vendor/laravel/framework/src/Illuminate/Database/Connectors/Connector.php:66)
[stacktrace]
#0 /home/uxtbuquy/public_html/kcplacademy.kartikcomtech.in/vendor/laravel/framework/src/Illuminate/Database/Connectors/Connector.php(66): PDO->__construct('mysql:host=127....', 'root', Object(SensitiveParameterValue), Array)
#1 /home/uxtbuquy/public_html/kcplacademy.kartikcomtech.in/vendor/laravel/framework/src/Illuminate/Database/Connectors/Connector.php(85): Illuminate\\Database\\Connectors\\Connector->createPdoConnection('mysql:host=127....', 'root', Object(SensitiveParameterValue), Array)
#2 /home/uxtbuquy/public_html/kcplacademy.kartikcomtech.in/vendor/laravel/framework/src/Illuminate/Database/Connectors/Connector.php(48): Illuminate\\Database\\Connectors\\Connector->tryAgainIfCausedByLostConnection(Object(PDOException), 'mysql:host=127....', 'root', Object(SensitiveParameterValue), Array)
#3 /home/uxtbuquy/public_html/kcplacademy.kartikcomtech.in/vendor/laravel/framework/src/Illuminate/Database/Connectors/MySqlConnector.php(24): Illuminate\\Database\\Connectors\\Connector->createConnection('mysql:host=127....', Array, Array)
#4 /home/uxtbuquy/public_html/kcplacademy.kartikcomtech.in/vendor/laravel/framework/src/Illuminate/Database/Connectors/ConnectionFactory.php(186): Illuminate\\Database\\Connectors\\MySqlConnector->connect(Array)
#5 [internal function]: Illuminate\\Database\\Connectors\\ConnectionFactory->Illuminate\\Database\\Connectors\\{closure}()
#6 /home/uxtbuquy/public_html/kcplacademy.kartikcomtech.in/vendor/laravel/framework/src/Illuminate/Database/Connection.php(1257): call_user_func(Object(Closure))
#7 /home/uxtbuquy/public_html/kcplacademy.kartikcomtech.in/vendor/laravel/framework/src/Illuminate/Database/Connection.php(1295): Illuminate\\Database\\Connection->getPdo()
#8 /home/uxtbuquy/public_html/kcplacademy.kartikcomtech.in/vendor/laravel/framework/src/Illuminate/Database/Connection.php(525): Illuminate\\Database\\Connection->getReadPdo()
#9 /home/uxtbuquy/public_html/kcplacademy.kartikcomtech.in/vendor/laravel/framework/src/Illuminate/Database/Connection.php(420): Illuminate\\Database\\Connection->getPdoForSelect(true)
#10 /home/uxtbuquy/public_html/kcplacademy.kartikcomtech.in/vendor/laravel/framework/src/Illuminate/Database/Connection.php(827): Illuminate\\Database\\Connection->Illuminate\\Database\\{closure}('select exists (...', Array)
#11 /home/uxtbuquy/public_html/kcplacademy.kartikcomtech.in/vendor/laravel/framework/src/Illuminate/Database/Connection.php(999): Illuminate\\Database\\Connection->runQueryCallback('select exists (...', Array, Object(Closure))
#12 /home/uxtbuquy/public_html/kcplacademy.kartikcomtech.in/vendor/laravel/framework/src/Illuminate/Database/Connection.php(978): Illuminate\\Database\\Connection->tryAgainIfCausedByLostConnection(Object(Illuminate\\Database\\QueryException), 'select exists (...', Array, Object(Closure))
#13 /home/uxtbuquy/public_html/kcplacademy.kartikcomtech.in/vendor/laravel/framework/src/Illuminate/Database/Connection.php(796): Illuminate\\Database\\Connection->handleQueryException(Object(Illuminate\\Database\\QueryException), 'select exists (...', Array, Object(Closure))
#14 /home/uxtbuquy/public_html/kcplacademy.kartikcomtech.in/vendor/laravel/framework/src/Illuminate/Database/Connection.php(411): Illuminate\\Database\\Connection->run('select exists (...', Array, Object(Closure))
#15 /home/uxtbuquy/public_html/kcplacademy.kartikcomtech.in/vendor/laravel/framework/src/Illuminate/Database/Connection.php(357): Illuminate\\Database\\Connection->select('select exists (...', Array, true)
#16 /home/uxtbuquy/public_html/kcplacademy.kartikcomtech.in/vendor/laravel/framework/src/Illuminate/Database/Connection.php(374): Illuminate\\Database\\Connection->selectOne('select exists (...', Array, true)
#17 /home/uxtbuquy/public_html/kcplacademy.kartikcomtech.in/vendor/laravel/framework/src/Illuminate/Database/Schema/Builder.php(176): Illuminate\\Database\\Connection->scalar('select exists (...')
#18 /home/uxtbuquy/public_html/kcplacademy.kartikcomtech.in/vendor/laravel/framework/src/Illuminate/Support/Facades/Facade.php(363): Illuminate\\Database\\Schema\\Builder->hasTable('platform_settin...')
#19 /home/uxtbuquy/public_html/kcplacademy.kartikcomtech.in/app/Providers/AppServiceProvider.php(197): Illuminate\\Support\\Facades\\Facade::__callStatic('hasTable', Array)
#20 /home/uxtbuquy/public_html/kcplacademy.kartikcomtech.in/app/Providers/AppServiceProvider.php(80): App\\Providers\\AppServiceProvider->settingsTablesAreReady()
#21 /home/uxtbuquy/public_html/kcplacademy.kartikcomtech.in/vendor/laravel/framework/src/Illuminate/Container/BoundMethod.php(36): App\\Providers\\AppServiceProvider->boot()
#22 /home/uxtbuquy/public_html/kcplacademy.kartikcomtech.in/vendor/laravel/framework/src/Illuminate/Container/Util.php(43): Illuminate\\Container\\BoundMethod::Illuminate\\Container\\{closure}()
#23 /home/uxtbuquy/public_html/kcplacademy.kartikcomtech.in/vendor/laravel/framework/src/Illuminate/Container/BoundMethod.php(96): Illuminate\\Container\\Util::unwrapIfClosure(Object(Closure))
#24 /home/uxtbuquy/public_html/kcplacademy.kartikcomtech.in/vendor/laravel/framework/src/Illuminate/Container/BoundMethod.php(35): Illuminate\\Container\\BoundMethod::callBoundMethod(Object(Illuminate\\Foundation\\Application), Array, Object(Closure))
#25 /home/uxtbuquy/public_html/kcplacademy.kartikcomtech.in/vendor/laravel/framework/src/Illuminate/Container/Container.php(799): Illuminate\\Container\\BoundMethod::call(Object(Illuminate\\Foundation\\Application), Array, Array, NULL)
#26 /home/uxtbuquy/public_html/kcplacademy.kartikcomtech.in/vendor/laravel/framework/src/Illuminate/Foundation/Application.php(1151): Illuminate\\Container\\Container->call(Array)
#27 /home/uxtbuquy/public_html/kcplacademy.kartikcomtech.in/vendor/laravel/framework/src/Illuminate/Foundation/Application.php(1132): Illuminate\\Foundation\\Application->bootProvider(Object(App\\Providers\\AppServiceProvider))
#28 [internal function]: Illuminate\\Foundation\\Application->Illuminate\\Foundation\\{closure}(Object(App\\Providers\\AppServiceProvider), 'App\\\\Providers\\\\A...')
#29 /home/uxtbuquy/public_html/kcplacademy.kartikcomtech.in/vendor/laravel/framework/src/Illuminate/Foundation/Application.php(1131): array_walk(Array, Object(Closure))
#30 /home/uxtbuquy/public_html/kcplacademy.kartikcomtech.in/vendor/laravel/framework/src/Illuminate/Foundation/Bootstrap/BootProviders.php(17): Illuminate\\Foundation\\Application->boot()
#31 /home/uxtbuquy/public_html/kcplacademy.kartikcomtech.in/vendor/laravel/framework/src/Illuminate/Foundation/Application.php(342): Illuminate\\Foundation\\Bootstrap\\BootProviders->bootstrap(Object(Illuminate\\Foundation\\Application))
#32 /home/uxtbuquy/public_html/kcplacademy.kartikcomtech.in/vendor/laravel/framework/src/Illuminate/Foundation/Http/Kernel.php(186): Illuminate\\Foundation\\Application->bootstrapWith(Array)
#33 /home/uxtbuquy/public_html/kcplacademy.kartikcomtech.in/vendor/laravel/framework/src/Illuminate/Foundation/Http/Kernel.php(170): Illuminate\\Foundation\\Http\\Kernel->bootstrap()
#34 /home/uxtbuquy/public_html/kcplacademy.kartikcomtech.in/vendor/laravel/framework/src/Illuminate/Foundation/Http/Kernel.php(144): Illuminate\\Foundation\\Http\\Kernel->sendRequestThroughRouter(Object(Illuminate\\Http\\Request))
#35 /home/uxtbuquy/public_html/kcplacademy.kartikcomtech.in/vendor/laravel/framework/src/Illuminate/Foundation/Application.php(1220): Illuminate\\Foundation\\Http\\Kernel->handle(Object(Illuminate\\Http\\Request))
#36 /home/uxtbuquy/public_html/kcplacademy.kartikcomtech.in/public/index.php(20): Illuminate\\Foundation\\Application->handleRequest(Object(Illuminate\\Http\\Request))
#37 {main}
"} 
[2026-05-17 05:26:55] local.ERROR: SQLSTATE[HY000] [1045] Access denied for user 'root'@'localhost' (using password: NO) (Connection: mysql, Host: 127.0.0.1, Port: 3306, Database: eduex_full, SQL: select exists (select 1 from information_schema.tables where table_schema = schema() and table_name = 'platform_settings' and table_type in ('BASE TABLE', 'SYSTEM VERSIONED')) as `exists`) {"exception":"[object] (Illuminate\\Database\\QueryException(code: 1045): SQLSTATE[HY000] [1045] Access denied for user 'root'@'localhost' (using password: NO) (Connection: mysql, Host: 127.0.0.1, Port: 3306, Database: eduex_full, SQL: select exists (select 1 from information_schema.tables where table_schema = schema() and table_name = 'platform_settings' and table_type in ('BASE TABLE', 'SYSTEM VERSIONED')) as `exists`) at /home/uxtbuquy/public_html/kcplacademy.kartikcomtech.in/vendor/laravel/framework/src/Illuminate/Database/Connection.php:838)
[stacktrace]
#0 /home/uxtbuquy/public_html/kcplacademy.kartikcomtech.in/vendor/laravel/framework/src/Illuminate/Database/Connection.php(999): Illuminate\\Database\\Connection->runQueryCallback('select exists (...', Array, Object(Closure))
#1 /home/uxtbuquy/public_html/kcplacademy.kartikcomtech.in/vendor/laravel/framework/src/Illuminate/Database/Connection.php(978): Illuminate\\Database\\Connection->tryAgainIfCausedByLostConnection(Object(Illuminate\\Database\\QueryException), 'select exists (...', Array, Object(Closure))
#2 /home/uxtbuquy/public_html/kcplacademy.kartikcomtech.in/vendor/laravel/framework/src/Illuminate/Database/Connection.php(796): Illuminate\\Database\\Connection->handleQueryException(Object(Illuminate\\Database\\QueryException), 'select exists (...', Array, Object(Closure))
#3 /home/uxtbuquy/public_html/kcplacademy.kartikcomtech.in/vendor/laravel/framework/src/Illuminate/Database/Connection.php(411): Illuminate\\Database\\Connection->run('select exists (...', Array, Object(Closure))
#4 /home/uxtbuquy/public_html/kcplacademy.kartikcomtech.in/vendor/laravel/framework/src/Illuminate/Database/Connection.php(357): Illuminate\\Database\\Connection->select('select exists (...', Array, true)
#5 /home/uxtbuquy/public_html/kcplacademy.kartikcomtech.in/vendor/laravel/framework/src/Illuminate/Database/Connection.php(374): Illuminate\\Database\\Connection->selectOne('select exists (...', Array, true)
#6 /home/uxtbuquy/public_html/kcplacademy.kartikcomtech.in/vendor/laravel/framework/src/Illuminate/Database/Schema/Builder.php(176): Illuminate\\Database\\Connection->scalar('select exists (...')
#7 /home/uxtbuquy/public_html/kcplacademy.kartikcomtech.in/vendor/laravel/framework/src/Illuminate/Support/Facades/Facade.php(363): Illuminate\\Database\\Schema\\Builder->hasTable('platform_settin...')
#8 /home/uxtbuquy/public_html/kcplacademy.kartikcomtech.in/app/Providers/AppServiceProvider.php(197): Illuminate\\Support\\Facades\\Facade::__callStatic('hasTable', Array)
#9 /home/uxtbuquy/public_html/kcplacademy.kartikcomtech.in/app/Providers/AppServiceProvider.php(80): App\\Providers\\AppServiceProvider->settingsTablesAreReady()
#10 /home/uxtbuquy/public_html/kcplacademy.kartikcomtech.in/vendor/laravel/framework/src/Illuminate/Container/BoundMethod.php(36): App\\Providers\\AppServiceProvider->boot()
#11 /home/uxtbuquy/public_html/kcplacademy.kartikcomtech.in/vendor/laravel/framework/src/Illuminate/Container/Util.php(43): Illuminate\\Container\\BoundMethod::Illuminate\\Container\\{closure}()
#12 /home/uxtbuquy/public_html/kcplacademy.kartikcomtech.in/vendor/laravel/framework/src/Illuminate/Container/BoundMethod.php(96): Illuminate\\Container\\Util::unwrapIfClosure(Object(Closure))
#13 /home/uxtbuquy/public_html/kcplacademy.kartikcomtech.in/vendor/laravel/framework/src/Illuminate/Container/BoundMethod.php(35): Illuminate\\Container\\BoundMethod::callBoundMethod(Object(Illuminate\\Foundation\\Application), Array, Object(Closure))
#14 /home/uxtbuquy/public_html/kcplacademy.kartikcomtech.in/vendor/laravel/framework/src/Illuminate/Container/Container.php(799): Illuminate\\Container\\BoundMethod::call(Object(Illuminate\\Foundation\\Application), Array, Array, NULL)
#15 /home/uxtbuquy/public_html/kcplacademy.kartikcomtech.in/vendor/laravel/framework/src/Illuminate/Foundation/Application.php(1151): Illuminate\\Container\\Container->call(Array)
#16 /home/uxtbuquy/public_html/kcplacademy.kartikcomtech.in/vendor/laravel/framework/src/Illuminate/Foundation/Application.php(1132): Illuminate\\Foundation\\Application->bootProvider(Object(App\\Providers\\AppServiceProvider))
#17 [internal function]: Illuminate\\Foundation\\Application->Illuminate\\Foundation\\{closure}(Object(App\\Providers\\AppServiceProvider), 'App\\\\Providers\\\\A...')
#18 /home/uxtbuquy/public_html/kcplacademy.kartikcomtech.in/vendor/laravel/framework/src/Illuminate/Foundation/Application.php(1131): array_walk(Array, Object(Closure))
#19 /home/uxtbuquy/public_html/kcplacademy.kartikcomtech.in/vendor/laravel/framework/src/Illuminate/Foundation/Bootstrap/BootProviders.php(17): Illuminate\\Foundation\\Application->boot()
#20 /home/uxtbuquy/public_html/kcplacademy.kartikcomtech.in/vendor/laravel/framework/src/Illuminate/Foundation/Application.php(342): Illuminate\\Foundation\\Bootstrap\\BootProviders->bootstrap(Object(Illuminate\\Foundation\\Application))
#21 /home/uxtbuquy/public_html/kcplacademy.kartikcomtech.in/vendor/laravel/framework/src/Illuminate/Foundation/Http/Kernel.php(186): Illuminate\\Foundation\\Application->bootstrapWith(Array)
#22 /home/uxtbuquy/public_html/kcplacademy.kartikcomtech.in/vendor/laravel/framework/src/Illuminate/Foundation/Http/Kernel.php(170): Illuminate\\Foundation\\Http\\Kernel->bootstrap()
#23 /home/uxtbuquy/public_html/kcplacademy.kartikcomtech.in/vendor/laravel/framework/src/Illuminate/Foundation/Http/Kernel.php(144): Illuminate\\Foundation\\Http\\Kernel->sendRequestThroughRouter(Object(Illuminate\\Http\\Request))
#24 /home/uxtbuquy/public_html/kcplacademy.kartikcomtech.in/vendor/laravel/framework/src/Illuminate/Foundation/Application.php(1220): Illuminate\\Foundation\\Http\\Kernel->handle(Object(Illuminate\\Http\\Request))
#25 /home/uxtbuquy/public_html/kcplacademy.kartikcomtech.in/public/index.php(20): Illuminate\\Foundation\\Application->handleRequest(Object(Illuminate\\Http\\Request))
#26 {main}

[previous exception] [object] (PDOException(code: 1045): SQLSTATE[HY000] [1045] Access denied for user 'root'@'localhost' (using password: NO) at /home/uxtbuquy/public_html/kcplacademy.kartikcomtech.in/vendor/laravel/framework/src/Illuminate/Database/Connectors/Connector.php:66)
[stacktrace]
#0 /home/uxtbuquy/public_html/kcplacademy.kartikcomtech.in/vendor/laravel/framework/src/Illuminate/Database/Connectors/Connector.php(66): PDO->__construct('mysql:host=127....', 'root', Object(SensitiveParameterValue), Array)
#1 /home/uxtbuquy/public_html/kcplacademy.kartikcomtech.in/vendor/laravel/framework/src/Illuminate/Database/Connectors/Connector.php(85): Illuminate\\Database\\Connectors\\Connector->createPdoConnection('mysql:host=127....', 'root', Object(SensitiveParameterValue), Array)
#2 /home/uxtbuquy/public_html/kcplacademy.kartikcomtech.in/vendor/laravel/framework/src/Illuminate/Database/Connectors/Connector.php(48): Illuminate\\Database\\Connectors\\Connector->tryAgainIfCausedByLostConnection(Object(PDOException), 'mysql:host=127....', 'root', Object(SensitiveParameterValue), Array)
#3 /home/uxtbuquy/public_html/kcplacademy.kartikcomtech.in/vendor/laravel/framework/src/Illuminate/Database/Connectors/MySqlConnector.php(24): Illuminate\\Database\\Connectors\\Connector->createConnection('mysql:host=127....', Array, Array)
#4 /home/uxtbuquy/public_html/kcplacademy.kartikcomtech.in/vendor/laravel/framework/src/Illuminate/Database/Connectors/ConnectionFactory.php(186): Illuminate\\Database\\Connectors\\MySqlConnector->connect(Array)
#5 [internal function]: Illuminate\\Database\\Connectors\\ConnectionFactory->Illuminate\\Database\\Connectors\\{closure}()
#6 /home/uxtbuquy/public_html/kcplacademy.kartikcomtech.in/vendor/laravel/framework/src/Illuminate/Database/Connection.php(1257): call_user_func(Object(Closure))
#7 /home/uxtbuquy/public_html/kcplacademy.kartikcomtech.in/vendor/laravel/framework/src/Illuminate/Database/Connection.php(1295): Illuminate\\Database\\Connection->getPdo()
#8 /home/uxtbuquy/public_html/kcplacademy.kartikcomtech.in/vendor/laravel/framework/src/Illuminate/Database/Connection.php(525): Illuminate\\Database\\Connection->getReadPdo()
#9 /home/uxtbuquy/public_html/kcplacademy.kartikcomtech.in/vendor/laravel/framework/src/Illuminate/Database/Connection.php(420): Illuminate\\Database\\Connection->getPdoForSelect(true)
#10 /home/uxtbuquy/public_html/kcplacademy.kartikcomtech.in/vendor/laravel/framework/src/Illuminate/Database/Connection.php(827): Illuminate\\Database\\Connection->Illuminate\\Database\\{closure}('select exists (...', Array)
#11 /home/uxtbuquy/public_html/kcplacademy.kartikcomtech.in/vendor/laravel/framework/src/Illuminate/Database/Connection.php(999): Illuminate\\Database\\Connection->runQueryCallback('select exists (...', Array, Object(Closure))
#12 /home/uxtbuquy/public_html/kcplacademy.kartikcomtech.in/vendor/laravel/framework/src/Illuminate/Database/Connection.php(978): Illuminate\\Database\\Connection->tryAgainIfCausedByLostConnection(Object(Illuminate\\Database\\QueryException), 'select exists (...', Array, Object(Closure))
#13 /home/uxtbuquy/public_html/kcplacademy.kartikcomtech.in/vendor/laravel/framework/src/Illuminate/Database/Connection.php(796): Illuminate\\Database\\Connection->handleQueryException(Object(Illuminate\\Database\\QueryException), 'select exists (...', Array, Object(Closure))
#14 /home/uxtbuquy/public_html/kcplacademy.kartikcomtech.in/vendor/laravel/framework/src/Illuminate/Database/Connection.php(411): Illuminate\\Database\\Connection->run('select exists (...', Array, Object(Closure))
#15 /home/uxtbuquy/public_html/kcplacademy.kartikcomtech.in/vendor/laravel/framework/src/Illuminate/Database/Connection.php(357): Illuminate\\Database\\Connection->select('select exists (...', Array, true)
#16 /home/uxtbuquy/public_html/kcplacademy.kartikcomtech.in/vendor/laravel/framework/src/Illuminate/Database/Connection.php(374): Illuminate\\Database\\Connection->selectOne('select exists (...', Array, true)
#17 /home/uxtbuquy/public_html/kcplacademy.kartikcomtech.in/vendor/laravel/framework/src/Illuminate/Database/Schema/Builder.php(176): Illuminate\\Database\\Connection->scalar('select exists (...')
#18 /home/uxtbuquy/public_html/kcplacademy.kartikcomtech.in/vendor/laravel/framework/src/Illuminate/Support/Facades/Facade.php(363): Illuminate\\Database\\Schema\\Builder->hasTable('platform_settin...')
#19 /home/uxtbuquy/public_html/kcplacademy.kartikcomtech.in/app/Providers/AppServiceProvider.php(197): Illuminate\\Support\\Facades\\Facade::__callStatic('hasTable', Array)
#20 /home/uxtbuquy/public_html/kcplacademy.kartikcomtech.in/app/Providers/AppServiceProvider.php(80): App\\Providers\\AppServiceProvider->settingsTablesAreReady()
#21 /home/uxtbuquy/public_html/kcplacademy.kartikcomtech.in/vendor/laravel/framework/src/Illuminate/Container/BoundMethod.php(36): App\\Providers\\AppServiceProvider->boot()
#22 /home/uxtbuquy/public_html/kcplacademy.kartikcomtech.in/vendor/laravel/framework/src/Illuminate/Container/Util.php(43): Illuminate\\Container\\BoundMethod::Illuminate\\Container\\{closure}()
#23 /home/uxtbuquy/public_html/kcplacademy.kartikcomtech.in/vendor/laravel/framework/src/Illuminate/Container/BoundMethod.php(96): Illuminate\\Container\\Util::unwrapIfClosure(Object(Closure))
#24 /home/uxtbuquy/public_html/kcplacademy.kartikcomtech.in/vendor/laravel/framework/src/Illuminate/Container/BoundMethod.php(35): Illuminate\\Container\\BoundMethod::callBoundMethod(Object(Illuminate\\Foundation\\Application), Array, Object(Closure))
#25 /home/uxtbuquy/public_html/kcplacademy.kartikcomtech.in/vendor/laravel/framework/src/Illuminate/Container/Container.php(799): Illuminate\\Container\\BoundMethod::call(Object(Illuminate\\Foundation\\Application), Array, Array, NULL)
#26 /home/uxtbuquy/public_html/kcplacademy.kartikcomtech.in/vendor/laravel/framework/src/Illuminate/Foundation/Application.php(1151): Illuminate\\Container\\Container->call(Array)
#27 /home/uxtbuquy/public_html/kcplacademy.kartikcomtech.in/vendor/laravel/framework/src/Illuminate/Foundation/Application.php(1132): Illuminate\\Foundation\\Application->bootProvider(Object(App\\Providers\\AppServiceProvider))
#28 [internal function]: Illuminate\\Foundation\\Application->Illuminate\\Foundation\\{closure}(Object(App\\Providers\\AppServiceProvider), 'App\\\\Providers\\\\A...')
#29 /home/uxtbuquy/public_html/kcplacademy.kartikcomtech.in/vendor/laravel/framework/src/Illuminate/Foundation/Application.php(1131): array_walk(Array, Object(Closure))
#30 /home/uxtbuquy/public_html/kcplacademy.kartikcomtech.in/vendor/laravel/framework/src/Illuminate/Foundation/Bootstrap/BootProviders.php(17): Illuminate\\Foundation\\Application->boot()
#31 /home/uxtbuquy/public_html/kcplacademy.kartikcomtech.in/vendor/laravel/framework/src/Illuminate/Foundation/Application.php(342): Illuminate\\Foundation\\Bootstrap\\BootProviders->bootstrap(Object(Illuminate\\Foundation\\Application))
#32 /home/uxtbuquy/public_html/kcplacademy.kartikcomtech.in/vendor/laravel/framework/src/Illuminate/Foundation/Http/Kernel.php(186): Illuminate\\Foundation\\Application->bootstrapWith(Array)
#33 /home/uxtbuquy/public_html/kcplacademy.kartikcomtech.in/vendor/laravel/framework/src/Illuminate/Foundation/Http/Kernel.php(170): Illuminate\\Foundation\\Http\\Kernel->bootstrap()
#34 /home/uxtbuquy/public_html/kcplacademy.kartikcomtech.in/vendor/laravel/framework/src/Illuminate/Foundation/Http/Kernel.php(144): Illuminate\\Foundation\\Http\\Kernel->sendRequestThroughRouter(Object(Illuminate\\Http\\Request))
#35 /home/uxtbuquy/public_html/kcplacademy.kartikcomtech.in/vendor/laravel/framework/src/Illuminate/Foundation/Application.php(1220): Illuminate\\Foundation\\Http\\Kernel->handle(Object(Illuminate\\Http\\Request))
#36 /home/uxtbuquy/public_html/kcplacademy.kartikcomtech.in/public/index.php(20): Illuminate\\Foundation\\Application->handleRequest(Object(Illuminate\\Http\\Request))
#37 {main}
"} 
[2026-05-17 05:26:55] local.ERROR: SQLSTATE[HY000] [1045] Access denied for user 'root'@'localhost' (using password: NO) (Connection: mysql, Host: 127.0.0.1, Port: 3306, Database: eduex_full, SQL: select exists (select 1 from information_schema.tables where table_schema = schema() and table_name = 'platform_settings' and table_type in ('BASE TABLE', 'SYSTEM VERSIONED')) as `exists`) {"exception":"[object] (Illuminate\\Database\\QueryException(code: 1045): SQLSTATE[HY000] [1045] Access denied for user 'root'@'localhost' (using password: NO) (Connection: mysql, Host: 127.0.0.1, Port: 3306, Database: eduex_full, SQL: select exists (select 1 from information_schema.tables where table_schema = schema() and table_name = 'platform_settings' and table_type in ('BASE TABLE', 'SYSTEM VERSIONED')) as `exists`) at /home/uxtbuquy/public_html/kcplacademy.kartikcomtech.in/vendor/laravel/framework/src/Illuminate/Database/Connection.php:838)
[stacktrace]
#0 /home/uxtbuquy/public_html/kcplacademy.kartikcomtech.in/vendor/laravel/framework/src/Illuminate/Database/Connection.php(999): Illuminate\\Database\\Connection->runQueryCallback('select exists (...', Array, Object(Closure))
#1 /home/uxtbuquy/public_html/kcplacademy.kartikcomtech.in/vendor/laravel/framework/src/Illuminate/Database/Connection.php(978): Illuminate\\Database\\Connection->tryAgainIfCausedByLostConnection(Object(Illuminate\\Database\\QueryException), 'select exists (...', Array, Object(Closure))
#2 /home/uxtbuquy/public_html/kcplacademy.kartikcomtech.in/vendor/laravel/framework/src/Illuminate/Database/Connection.php(796): Illuminate\\Database\\Connection->handleQueryException(Object(Illuminate\\Database\\QueryException), 'select exists (...', Array, Object(Closure))
#3 /home/uxtbuquy/public_html/kcplacademy.kartikcomtech.in/vendor/laravel/framework/src/Illuminate/Database/Connection.php(411): Illuminate\\Database\\Connection->run('select exists (...', Array, Object(Closure))
#4 /home/uxtbuquy/public_html/kcplacademy.kartikcomtech.in/vendor/laravel/framework/src/Illuminate/Database/Connection.php(357): Illuminate\\Database\\Connection->select('select exists (...', Array, true)
#5 /home/uxtbuquy/public_html/kcplacademy.kartikcomtech.in/vendor/laravel/framework/src/Illuminate/Database/Connection.php(374): Illuminate\\Database\\Connection->selectOne('select exists (...', Array, true)
#6 /home/uxtbuquy/public_html/kcplacademy.kartikcomtech.in/vendor/laravel/framework/src/Illuminate/Database/Schema/Builder.php(176): Illuminate\\Database\\Connection->scalar('select exists (...')
#7 /home/uxtbuquy/public_html/kcplacademy.kartikcomtech.in/vendor/laravel/framework/src/Illuminate/Support/Facades/Facade.php(363): Illuminate\\Database\\Schema\\Builder->hasTable('platform_settin...')
#8 /home/uxtbuquy/public_html/kcplacademy.kartikcomtech.in/app/Providers/AppServiceProvider.php(197): Illuminate\\Support\\Facades\\Facade::__callStatic('hasTable', Array)
#9 /home/uxtbuquy/public_html/kcplacademy.kartikcomtech.in/app/Providers/AppServiceProvider.php(80): App\\Providers\\AppServiceProvider->settingsTablesAreReady()
#10 /home/uxtbuquy/public_html/kcplacademy.kartikcomtech.in/vendor/laravel/framework/src/Illuminate/Container/BoundMethod.php(36): App\\Providers\\AppServiceProvider->boot()
#11 /home/uxtbuquy/public_html/kcplacademy.kartikcomtech.in/vendor/laravel/framework/src/Illuminate/Container/Util.php(43): Illuminate\\Container\\BoundMethod::Illuminate\\Container\\{closure}()
#12 /home/uxtbuquy/public_html/kcplacademy.kartikcomtech.in/vendor/laravel/framework/src/Illuminate/Container/BoundMethod.php(96): Illuminate\\Container\\Util::unwrapIfClosure(Object(Closure))
#13 /home/uxtbuquy/public_html/kcplacademy.kartikcomtech.in/vendor/laravel/framework/src/Illuminate/Container/BoundMethod.php(35): Illuminate\\Container\\BoundMethod::callBoundMethod(Object(Illuminate\\Foundation\\Application), Array, Object(Closure))
#14 /home/uxtbuquy/public_html/kcplacademy.kartikcomtech.in/vendor/laravel/framework/src/Illuminate/Container/Container.php(799): Illuminate\\Container\\BoundMethod::call(Object(Illuminate\\Foundation\\Application), Array, Array, NULL)
#15 /home/uxtbuquy/public_html/kcplacademy.kartikcomtech.in/vendor/laravel/framework/src/Illuminate/Foundation/Application.php(1151): Illuminate\\Container\\Container->call(Array)
#16 /home/uxtbuquy/public_html/kcplacademy.kartikcomtech.in/vendor/laravel/framework/src/Illuminate/Foundation/Application.php(1132): Illuminate\\Foundation\\Application->bootProvider(Object(App\\Providers\\AppServiceProvider))
#17 [internal function]: Illuminate\\Foundation\\Application->Illuminate\\Foundation\\{closure}(Object(App\\Providers\\AppServiceProvider), 'App\\\\Providers\\\\A...')
#18 /home/uxtbuquy/public_html/kcplacademy.kartikcomtech.in/vendor/laravel/framework/src/Illuminate/Foundation/Application.php(1131): array_walk(Array, Object(Closure))
#19 /home/uxtbuquy/public_html/kcplacademy.kartikcomtech.in/vendor/laravel/framework/src/Illuminate/Foundation/Bootstrap/BootProviders.php(17): Illuminate\\Foundation\\Application->boot()
#20 /home/uxtbuquy/public_html/kcplacademy.kartikcomtech.in/vendor/laravel/framework/src/Illuminate/Foundation/Application.php(342): Illuminate\\Foundation\\Bootstrap\\BootProviders->bootstrap(Object(Illuminate\\Foundation\\Application))
#21 /home/uxtbuquy/public_html/kcplacademy.kartikcomtech.in/vendor/laravel/framework/src/Illuminate/Foundation/Http/Kernel.php(186): Illuminate\\Foundation\\Application->bootstrapWith(Array)
#22 /home/uxtbuquy/public_html/kcplacademy.kartikcomtech.in/vendor/laravel/framework/src/Illuminate/Foundation/Http/Kernel.php(170): Illuminate\\Foundation\\Http\\Kernel->bootstrap()
#23 /home/uxtbuquy/public_html/kcplacademy.kartikcomtech.in/vendor/laravel/framework/src/Illuminate/Foundation/Http/Kernel.php(144): Illuminate\\Foundation\\Http\\Kernel->sendRequestThroughRouter(Object(Illuminate\\Http\\Request))
#24 /home/uxtbuquy/public_html/kcplacademy.kartikcomtech.in/vendor/laravel/framework/src/Illuminate/Foundation/Application.php(1220): Illuminate\\Foundation\\Http\\Kernel->handle(Object(Illuminate\\Http\\Request))
#25 /home/uxtbuquy/public_html/kcplacademy.kartikcomtech.in/public/index.php(20): Illuminate\\Foundation\\Application->handleRequest(Object(Illuminate\\Http\\Request))
#26 {main}

[previous exception] [object] (PDOException(code: 1045): SQLSTATE[HY000] [1045] Access denied for user 'root'@'localhost' (using password: NO) at /home/uxtbuquy/public_html/kcplacademy.kartikcomtech.in/vendor/laravel/framework/src/Illuminate/Database/Connectors/Connector.php:66)
[stacktrace]
#0 /home/uxtbuquy/public_html/kcplacademy.kartikcomtech.in/vendor/laravel/framework/src/Illuminate/Database/Connectors/Connector.php(66): PDO->__construct('mysql:host=127....', 'root', Object(SensitiveParameterValue), Array)
#1 /home/uxtbuquy/public_html/kcplacademy.kartikcomtech.in/vendor/laravel/framework/src/Illuminate/Database/Connectors/Connector.php(85): Illuminate\\Database\\Connectors\\Connector->createPdoConnection('mysql:host=127....', 'root', Object(SensitiveParameterValue), Array)
#2 /home/uxtbuquy/public_html/kcplacademy.kartikcomtech.in/vendor/laravel/framework/src/Illuminate/Database/Connectors/Connector.php(48): Illuminate\\Database\\Connectors\\Connector->tryAgainIfCausedByLostConnection(Object(PDOException), 'mysql:host=127....', 'root', Object(SensitiveParameterValue), Array)
#3 /home/uxtbuquy/public_html/kcplacademy.kartikcomtech.in/vendor/laravel/framework/src/Illuminate/Database/Connectors/MySqlConnector.php(24): Illuminate\\Database\\Connectors\\Connector->createConnection('mysql:host=127....', Array, Array)
#4 /home/uxtbuquy/public_html/kcplacademy.kartikcomtech.in/vendor/laravel/framework/src/Illuminate/Database/Connectors/ConnectionFactory.php(186): Illuminate\\Database\\Connectors\\MySqlConnector->connect(Array)
#5 [internal function]: Illuminate\\Database\\Connectors\\ConnectionFactory->Illuminate\\Database\\Connectors\\{closure}()
#6 /home/uxtbuquy/public_html/kcplacademy.kartikcomtech.in/vendor/laravel/framework/src/Illuminate/Database/Connection.php(1257): call_user_func(Object(Closure))
#7 /home/uxtbuquy/public_html/kcplacademy.kartikcomtech.in/vendor/laravel/framework/src/Illuminate/Database/Connection.php(1295): Illuminate\\Database\\Connection->getPdo()
#8 /home/uxtbuquy/public_html/kcplacademy.kartikcomtech.in/vendor/laravel/framework/src/Illuminate/Database/Connection.php(525): Illuminate\\Database\\Connection->getReadPdo()
#9 /home/uxtbuquy/public_html/kcplacademy.kartikcomtech.in/vendor/laravel/framework/src/Illuminate/Database/Connection.php(420): Illuminate\\Database\\Connection->getPdoForSelect(true)
#10 /home/uxtbuquy/public_html/kcplacademy.kartikcomtech.in/vendor/laravel/framework/src/Illuminate/Database/Connection.php(827): Illuminate\\Database\\Connection->Illuminate\\Database\\{closure}('select exists (...', Array)
#11 /home/uxtbuquy/public_html/kcplacademy.kartikcomtech.in/vendor/laravel/framework/src/Illuminate/Database/Connection.php(999): Illuminate\\Database\\Connection->runQueryCallback('select exists (...', Array, Object(Closure))
#12 /home/uxtbuquy/public_html/kcplacademy.kartikcomtech.in/vendor/laravel/framework/src/Illuminate/Database/Connection.php(978): Illuminate\\Database\\Connection->tryAgainIfCausedByLostConnection(Object(Illuminate\\Database\\QueryException), 'select exists (...', Array, Object(Closure))
#13 /home/uxtbuquy/public_html/kcplacademy.kartikcomtech.in/vendor/laravel/framework/src/Illuminate/Database/Connection.php(796): Illuminate\\Database\\Connection->handleQueryException(Object(Illuminate\\Database\\QueryException), 'select exists (...', Array, Object(Closure))
#14 /home/uxtbuquy/public_html/kcplacademy.kartikcomtech.in/vendor/laravel/framework/src/Illuminate/Database/Connection.php(411): Illuminate\\Database\\Connection->run('select exists (...', Array, Object(Closure))
#15 /home/uxtbuquy/public_html/kcplacademy.kartikcomtech.in/vendor/laravel/framework/src/Illuminate/Database/Connection.php(357): Illuminate\\Database\\Connection->select('select exists (...', Array, true)
#16 /home/uxtbuquy/public_html/kcplacademy.kartikcomtech.in/vendor/laravel/framework/src/Illuminate/Database/Connection.php(374): Illuminate\\Database\\Connection->selectOne('select exists (...', Array, true)
#17 /home/uxtbuquy/public_html/kcplacademy.kartikcomtech.in/vendor/laravel/framework/src/Illuminate/Database/Schema/Builder.php(176): Illuminate\\Database\\Connection->scalar('select exists (...')
#18 /home/uxtbuquy/public_html/kcplacademy.kartikcomtech.in/vendor/laravel/framework/src/Illuminate/Support/Facades/Facade.php(363): Illuminate\\Database\\Schema\\Builder->hasTable('platform_settin...')
#19 /home/uxtbuquy/public_html/kcplacademy.kartikcomtech.in/app/Providers/AppServiceProvider.php(197): Illuminate\\Support\\Facades\\Facade::__callStatic('hasTable', Array)
#20 /home/uxtbuquy/public_html/kcplacademy.kartikcomtech.in/app/Providers/AppServiceProvider.php(80): App\\Providers\\AppServiceProvider->settingsTablesAreReady()
#21 /home/uxtbuquy/public_html/kcplacademy.kartikcomtech.in/vendor/laravel/framework/src/Illuminate/Container/BoundMethod.php(36): App\\Providers\\AppServiceProvider->boot()
#22 /home/uxtbuquy/public_html/kcplacademy.kartikcomtech.in/vendor/laravel/framework/src/Illuminate/Container/Util.php(43): Illuminate\\Container\\BoundMethod::Illuminate\\Container\\{closure}()
#23 /home/uxtbuquy/public_html/kcplacademy.kartikcomtech.in/vendor/laravel/framework/src/Illuminate/Container/BoundMethod.php(96): Illuminate\\Container\\Util::unwrapIfClosure(Object(Closure))
#24 /home/uxtbuquy/public_html/kcplacademy.kartikcomtech.in/vendor/laravel/framework/src/Illuminate/Container/BoundMethod.php(35): Illuminate\\Container\\BoundMethod::callBoundMethod(Object(Illuminate\\Foundation\\Application), Array, Object(Closure))
#25 /home/uxtbuquy/public_html/kcplacademy.kartikcomtech.in/vendor/laravel/framework/src/Illuminate/Container/Container.php(799): Illuminate\\Container\\BoundMethod::call(Object(Illuminate\\Foundation\\Application), Array, Array, NULL)
#26 /home/uxtbuquy/public_html/kcplacademy.kartikcomtech.in/vendor/laravel/framework/src/Illuminate/Foundation/Application.php(1151): Illuminate\\Container\\Container->call(Array)
#27 /home/uxtbuquy/public_html/kcplacademy.kartikcomtech.in/vendor/laravel/framework/src/Illuminate/Foundation/Application.php(1132): Illuminate\\Foundation\\Application->bootProvider(Object(App\\Providers\\AppServiceProvider))
#28 [internal function]: Illuminate\\Foundation\\Application->Illuminate\\Foundation\\{closure}(Object(App\\Providers\\AppServiceProvider), 'App\\\\Providers\\\\A...')
#29 /home/uxtbuquy/public_html/kcplacademy.kartikcomtech.in/vendor/laravel/framework/src/Illuminate/Foundation/Application.php(1131): array_walk(Array, Object(Closure))
#30 /home/uxtbuquy/public_html/kcplacademy.kartikcomtech.in/vendor/laravel/framework/src/Illuminate/Foundation/Bootstrap/BootProviders.php(17): Illuminate\\Foundation\\Application->boot()
#31 /home/uxtbuquy/public_html/kcplacademy.kartikcomtech.in/vendor/laravel/framework/src/Illuminate/Foundation/Application.php(342): Illuminate\\Foundation\\Bootstrap\\BootProviders->bootstrap(Object(Illuminate\\Foundation\\Application))
#32 /home/uxtbuquy/public_html/kcplacademy.kartikcomtech.in/vendor/laravel/framework/src/Illuminate/Foundation/Http/Kernel.php(186): Illuminate\\Foundation\\Application->bootstrapWith(Array)
#33 /home/uxtbuquy/public_html/kcplacademy.kartikcomtech.in/vendor/laravel/framework/src/Illuminate/Foundation/Http/Kernel.php(170): Illuminate\\Foundation\\Http\\Kernel->bootstrap()
#34 /home/uxtbuquy/public_html/kcplacademy.kartikcomtech.in/vendor/laravel/framework/src/Illuminate/Foundation/Http/Kernel.php(144): Illuminate\\Foundation\\Http\\Kernel->sendRequestThroughRouter(Object(Illuminate\\Http\\Request))
#35 /home/uxtbuquy/public_html/kcplacademy.kartikcomtech.in/vendor/laravel/framework/src/Illuminate/Foundation/Application.php(1220): Illuminate\\Foundation\\Http\\Kernel->handle(Object(Illuminate\\Http\\Request))
#36 /home/uxtbuquy/public_html/kcplacademy.kartikcomtech.in/public/index.php(20): Illuminate\\Foundation\\Application->handleRequest(Object(Illuminate\\Http\\Request))
#37 {main}
"} 
[2026-05-17 06:04:26] local.ERROR: Gemini API key is not configured.  
[2026-05-17 06:17:14] local.ERROR: Enrollment email failed: Connection could not be established with host "smtp.mailtrap.io:2525": stream_socket_client(): Unable to connect to smtp.mailtrap.io:2525 (Connection refused)  
[2026-05-20 04:59:38] local.ERROR: Connection could not be established with host "smtp.mailtrap.io:2525": stream_socket_client(): Unable to connect to smtp.mailtrap.io:2525 (Connection refused) {"exception":"[object] (Symfony\\Component\\Mailer\\Exception\\TransportException(code: 0): Connection could not be established with host \"smtp.mailtrap.io:2525\": stream_socket_client(): Unable to connect to smtp.mailtrap.io:2525 (Connection refused) at /home/uxtbuquy/public_html/kcplacademy.kartikcomtech.in/vendor/symfony/mailer/Transport/Smtp/Stream/SocketStream.php:154)
[stacktrace]
#0 [internal function]: Symfony\\Component\\Mailer\\Transport\\Smtp\\Stream\\SocketStream->Symfony\\Component\\Mailer\\Transport\\Smtp\\Stream\\{closure}(2, 'stream_socket_c...', '/home/uxtbuquy/...', 157)
#1 /home/uxtbuquy/public_html/kcplacademy.kartikcomtech.in/vendor/symfony/mailer/Transport/Smtp/Stream/SocketStream.php(157): stream_socket_client('smtp.mailtrap.i...', 0, '', 60.0, 4, Resource id #1214)
#2 /home/uxtbuquy/public_html/kcplacademy.kartikcomtech.in/vendor/symfony/mailer/Transport/Smtp/SmtpTransport.php(268): Symfony\\Component\\Mailer\\Transport\\Smtp\\Stream\\SocketStream->initialize()
#3 /home/uxtbuquy/public_html/kcplacademy.kartikcomtech.in/vendor/symfony/mailer/Transport/Smtp/SmtpTransport.php(200): Symfony\\Component\\Mailer\\Transport\\Smtp\\SmtpTransport->start()
#4 /home/uxtbuquy/public_html/kcplacademy.kartikcomtech.in/vendor/symfony/mailer/Transport/AbstractTransport.php(69): Symfony\\Component\\Mailer\\Transport\\Smtp\\SmtpTransport->doSend(Object(Symfony\\Component\\Mailer\\SentMessage))
#5 /home/uxtbuquy/public_html/kcplacademy.kartikcomtech.in/vendor/symfony/mailer/Transport/Smtp/SmtpTransport.php(138): Symfony\\Component\\Mailer\\Transport\\AbstractTransport->send(Object(Symfony\\Component\\Mime\\Email), Object(Symfony\\Component\\Mailer\\DelayedEnvelope))
#6 /home/uxtbuquy/public_html/kcplacademy.kartikcomtech.in/vendor/laravel/framework/src/Illuminate/Mail/Mailer.php(584): Symfony\\Component\\Mailer\\Transport\\Smtp\\SmtpTransport->send(Object(Symfony\\Component\\Mime\\Email), Object(Symfony\\Component\\Mailer\\DelayedEnvelope))
#7 /home/uxtbuquy/public_html/kcplacademy.kartikcomtech.in/vendor/laravel/framework/src/Illuminate/Mail/Mailer.php(331): Illuminate\\Mail\\Mailer->sendSymfonyMessage(Object(Symfony\\Component\\Mime\\Email))
#8 /home/uxtbuquy/public_html/kcplacademy.kartikcomtech.in/vendor/laravel/framework/src/Illuminate/Notifications/Channels/MailChannel.php(66): Illuminate\\Mail\\Mailer->send(Object(Closure), Array, Object(Closure))
#9 /home/uxtbuquy/public_html/kcplacademy.kartikcomtech.in/vendor/laravel/framework/src/Illuminate/Notifications/NotificationSender.php(161): Illuminate\\Notifications\\Channels\\MailChannel->send(Object(App\\Models\\User), Object(Illuminate\\Auth\\Notifications\\ResetPassword))
#10 /home/uxtbuquy/public_html/kcplacademy.kartikcomtech.in/vendor/laravel/framework/src/Illuminate/Notifications/NotificationSender.php(116): Illuminate\\Notifications\\NotificationSender->sendToNotifiable(Object(App\\Models\\User), 'a8a177a6-9ac1-4...', Object(Illuminate\\Auth\\Notifications\\ResetPassword), 'mail')
#11 /home/uxtbuquy/public_html/kcplacademy.kartikcomtech.in/vendor/laravel/framework/src/Illuminate/Support/Traits/Localizable.php(19): Illuminate\\Notifications\\NotificationSender->Illuminate\\Notifications\\{closure}()
#12 /home/uxtbuquy/public_html/kcplacademy.kartikcomtech.in/vendor/laravel/framework/src/Illuminate/Notifications/NotificationSender.php(111): Illuminate\\Notifications\\NotificationSender->withLocale(NULL, Object(Closure))
#13 /home/uxtbuquy/public_html/kcplacademy.kartikcomtech.in/vendor/laravel/framework/src/Illuminate/Notifications/NotificationSender.php(89): Illuminate\\Notifications\\NotificationSender->sendNow(Object(Illuminate\\Database\\Eloquent\\Collection), Object(Illuminate\\Auth\\Notifications\\ResetPassword))
#14 /home/uxtbuquy/public_html/kcplacademy.kartikcomtech.in/vendor/laravel/framework/src/Illuminate/Notifications/ChannelManager.php(47): Illuminate\\Notifications\\NotificationSender->send(Object(App\\Models\\User), Object(Illuminate\\Auth\\Notifications\\ResetPassword))
#15 /home/uxtbuquy/public_html/kcplacademy.kartikcomtech.in/vendor/laravel/framework/src/Illuminate/Notifications/RoutesNotifications.php(18): Illuminate\\Notifications\\ChannelManager->send(Object(App\\Models\\User), Object(Illuminate\\Auth\\Notifications\\ResetPassword))
#16 /home/uxtbuquy/public_html/kcplacademy.kartikcomtech.in/vendor/laravel/framework/src/Illuminate/Auth/Passwords/CanResetPassword.php(27): App\\Models\\User->notify(Object(Illuminate\\Auth\\Notifications\\ResetPassword))
#17 /home/uxtbuquy/public_html/kcplacademy.kartikcomtech.in/vendor/laravel/framework/src/Illuminate/Auth/Passwords/PasswordBroker.php(107): Illuminate\\Foundation\\Auth\\User->sendPasswordResetNotification(Object(SensitiveParameterValue))
#18 /home/uxtbuquy/public_html/kcplacademy.kartikcomtech.in/vendor/laravel/framework/src/Illuminate/Support/Timebox.php(34): Illuminate\\Auth\\Passwords\\PasswordBroker->Illuminate\\Auth\\Passwords\\{closure}(Object(Illuminate\\Support\\Timebox))
#19 /home/uxtbuquy/public_html/kcplacademy.kartikcomtech.in/vendor/laravel/framework/src/Illuminate/Auth/Passwords/PasswordBroker.php(84): Illuminate\\Support\\Timebox->call(Object(Closure), 200000)
#20 /home/uxtbuquy/public_html/kcplacademy.kartikcomtech.in/vendor/laravel/framework/src/Illuminate/Auth/Passwords/PasswordBrokerManager.php(152): Illuminate\\Auth\\Passwords\\PasswordBroker->sendResetLink(Object(SensitiveParameterValue))
#21 /home/uxtbuquy/public_html/kcplacademy.kartikcomtech.in/vendor/laravel/framework/src/Illuminate/Support/Facades/Facade.php(363): Illuminate\\Auth\\Passwords\\PasswordBrokerManager->__call('sendResetLink', Array)
#22 /home/uxtbuquy/public_html/kcplacademy.kartikcomtech.in/app/Http/Controllers/Auth/ForgotPasswordController.php(45): Illuminate\\Support\\Facades\\Facade::__callStatic('sendResetLink', Array)
#23 /home/uxtbuquy/public_html/kcplacademy.kartikcomtech.in/vendor/laravel/framework/src/Illuminate/Routing/ControllerDispatcher.php(46): App\\Http\\Controllers\\Auth\\ForgotPasswordController->sendResetLinkEmail(Object(Illuminate\\Http\\Request))
#24 /home/uxtbuquy/public_html/kcplacademy.kartikcomtech.in/vendor/laravel/framework/src/Illuminate/Routing/Route.php(265): Illuminate\\Routing\\ControllerDispatcher->dispatch(Object(Illuminate\\Routing\\Route), Object(App\\Http\\Controllers\\Auth\\ForgotPasswordController), 'sendResetLinkEm...')
#25 /home/uxtbuquy/public_html/kcplacademy.kartikcomtech.in/vendor/laravel/framework/src/Illuminate/Routing/Route.php(211): Illuminate\\Routing\\Route->runController()
#26 /home/uxtbuquy/public_html/kcplacademy.kartikcomtech.in/vendor/laravel/framework/src/Illuminate/Routing/Router.php(822): Illuminate\\Routing\\Route->run()
#27 /home/uxtbuquy/public_html/kcplacademy.kartikcomtech.in/vendor/laravel/framework/src/Illuminate/Pipeline/Pipeline.php(180): Illuminate\\Routing\\Router->Illuminate\\Routing\\{closure}(Object(Illuminate\\Http\\Request))
#28 /home/uxtbuquy/public_html/kcplacademy.kartikcomtech.in/vendor/laravel/framework/src/Illuminate/Auth/Middleware/RedirectIfAuthenticated.php(47): Illuminate\\Pipeline\\Pipeline->Illuminate\\Pipeline\\{closure}(Object(Illuminate\\Http\\Request))
#29 /home/uxtbuquy/public_html/kcplacademy.kartikcomtech.in/vendor/laravel/framework/src/Illuminate/Pipeline/Pipeline.php(219): Illuminate\\Auth\\Middleware\\RedirectIfAuthenticated->handle(Object(Illuminate\\Http\\Request), Object(Closure))
#30 /home/uxtbuquy/public_html/kcplacademy.kartikcomtech.in/app/Http/Middleware/SetLocale.php(48): Illuminate\\Pipeline\\Pipeline->Illuminate\\Pipeline\\{closure}(Object(Illuminate\\Http\\Request))
#31 /home/uxtbuquy/public_html/kcplacademy.kartikcomtech.in/vendor/laravel/framework/src/Illuminate/Pipeline/Pipeline.php(219): App\\Http\\Middleware\\SetLocale->handle(Object(Illuminate\\Http\\Request), Object(Closure))
#32 /home/uxtbuquy/public_html/kcplacademy.kartikcomtech.in/app/Http/Middleware/EnsureSetupComplete.php(26): Illuminate\\Pipeline\\Pipeline->Illuminate\\Pipeline\\{closure}(Object(Illuminate\\Http\\Request))
#33 /home/uxtbuquy/public_html/kcplacademy.kartikcomtech.in/vendor/laravel/framework/src/Illuminate/Pipeline/Pipeline.php(219): App\\Http\\Middleware\\EnsureSetupComplete->handle(Object(Illuminate\\Http\\Request), Object(Closure))
#34 /home/uxtbuquy/public_html/kcplacademy.kartikcomtech.in/vendor/laravel/framework/src/Illuminate/Routing/Middleware/SubstituteBindings.php(50): Illuminate\\Pipeline\\Pipeline->Illuminate\\Pipeline\\{closure}(Object(Illuminate\\Http\\Request))
#35 /home/uxtbuquy/public_html/kcplacademy.kartikcomtech.in/vendor/laravel/framework/src/Illuminate/Pipeline/Pipeline.php(219): Illuminate\\Routing\\Middleware\\SubstituteBindings->handle(Object(Illuminate\\Http\\Request), Object(Closure))
#36 /home/uxtbuquy/public_html/kcplacademy.kartikcomtech.in/vendor/laravel/framework/src/Illuminate/Foundation/Http/Middleware/VerifyCsrfToken.php(87): Illuminate\\Pipeline\\Pipeline->Illuminate\\Pipeline\\{closure}(Object(Illuminate\\Http\\Request))
#37 /home/uxtbuquy/public_html/kcplacademy.kartikcomtech.in/vendor/laravel/framework/src/Illuminate/Pipeline/Pipeline.php(219): Illuminate\\Foundation\\Http\\Middleware\\VerifyCsrfToken->handle(Object(Illuminate\\Http\\Request), Object(Closure))
#38 /home/uxtbuquy/public_html/kcplacademy.kartikcomtech.in/vendor/laravel/framework/src/Illuminate/View/Middleware/ShareErrorsFromSession.php(48): Illuminate\\Pipeline\\Pipeline->Illuminate\\Pipeline\\{closure}(Object(Illuminate\\Http\\Request))
#39 /home/uxtbuquy/public_html/kcplacademy.kartikcomtech.in/vendor/laravel/framework/src/Illuminate/Pipeline/Pipeline.php(219): Illuminate\\View\\Middleware\\ShareErrorsFromSession->handle(Object(Illuminate\\Http\\Request), Object(Closure))
#40 /home/uxtbuquy/public_html/kcplacademy.kartikcomtech.in/vendor/laravel/framework/src/Illuminate/Session/Middleware/StartSession.php(120): Illuminate\\Pipeline\\Pipeline->Illuminate\\Pipeline\\{closure}(Object(Illuminate\\Http\\Request))
#41 /home/uxtbuquy/public_html/kcplacademy.kartikcomtech.in/vendor/laravel/framework/src/Illuminate/Session/Middleware/StartSession.php(63): Illuminate\\Session\\Middleware\\StartSession->handleStatefulRequest(Object(Illuminate\\Http\\Request), Object(Illuminate\\Session\\Store), Object(Closure))
#42 /home/uxtbuquy/public_html/kcplacademy.kartikcomtech.in/vendor/laravel/framework/src/Illuminate/Pipeline/Pipeline.php(219): Illuminate\\Session\\Middleware\\StartSession->handle(Object(Illuminate\\Http\\Request), Object(Closure))
#43 /home/uxtbuquy/public_html/kcplacademy.kartikcomtech.in/vendor/laravel/framework/src/Illuminate/Cookie/Middleware/AddQueuedCookiesToResponse.php(36): Illuminate\\Pipeline\\Pipeline->Illuminate\\Pipeline\\{closure}(Object(Illuminate\\Http\\Request))
#44 /home/uxtbuquy/public_html/kcplacademy.kartikcomtech.in/vendor/laravel/framework/src/Illuminate/Pipeline/Pipeline.php(219): Illuminate\\Cookie\\Middleware\\AddQueuedCookiesToResponse->handle(Object(Illuminate\\Http\\Request), Object(Closure))
#45 /home/uxtbuquy/public_html/kcplacademy.kartikcomtech.in/vendor/laravel/framework/src/Illuminate/Cookie/Middleware/EncryptCookies.php(74): Illuminate\\Pipeline\\Pipeline->Illuminate\\Pipeline\\{closure}(Object(Illuminate\\Http\\Request))
#46 /home/uxtbuquy/public_html/kcplacademy.kartikcomtech.in/vendor/laravel/framework/src/Illuminate/Pipeline/Pipeline.php(219): Illuminate\\Cookie\\Middleware\\EncryptCookies->handle(Object(Illuminate\\Http\\Request), Object(Closure))
#47 /home/uxtbuquy/public_html/kcplacademy.kartikcomtech.in/vendor/laravel/framework/src/Illuminate/Pipeline/Pipeline.php(137): Illuminate\\Pipeline\\Pipeline->Illuminate\\Pipeline\\{closure}(Object(Illuminate\\Http\\Request))
#48 /home/uxtbuquy/public_html/kcplacademy.kartikcomtech.in/vendor/laravel/framework/src/Illuminate/Routing/Router.php(821): Illuminate\\Pipeline\\Pipeline->then(Object(Closure))
#49 /home/uxtbuquy/public_html/kcplacademy.kartikcomtech.in/vendor/laravel/framework/src/Illuminate/Routing/Router.php(800): Illuminate\\Routing\\Router->runRouteWithinStack(Object(Illuminate\\Routing\\Route), Object(Illuminate\\Http\\Request))
#50 /home/uxtbuquy/public_html/kcplacademy.kartikcomtech.in/vendor/laravel/framework/src/Illuminate/Routing/Router.php(764): Illuminate\\Routing\\Router->runRoute(Object(Illuminate\\Http\\Request), Object(Illuminate\\Routing\\Route))
#51 /home/uxtbuquy/public_html/kcplacademy.kartikcomtech.in/vendor/laravel/framework/src/Illuminate/Routing/Router.php(753): Illuminate\\Routing\\Router->dispatchToRoute(Object(Illuminate\\Http\\Request))
#52 /home/uxtbuquy/public_html/kcplacademy.kartikcomtech.in/vendor/laravel/framework/src/Illuminate/Foundation/Http/Kernel.php(200): Illuminate\\Routing\\Router->dispatch(Object(Illuminate\\Http\\Request))
#53 /home/uxtbuquy/public_html/kcplacademy.kartikcomtech.in/vendor/laravel/framework/src/Illuminate/Pipeline/Pipeline.php(180): Illuminate\\Foundation\\Http\\Kernel->Illuminate\\Foundation\\Http\\{closure}(Object(Illuminate\\Http\\Request))
#54 /home/uxtbuquy/public_html/kcplacademy.kartikcomtech.in/vendor/laravel/framework/src/Illuminate/Foundation/Http/Middleware/TransformsRequest.php(21): Illuminate\\Pipeline\\Pipeline->Illuminate\\Pipeline\\{closure}(Object(Illuminate\\Http\\Request))
#55 /home/uxtbuquy/public_html/kcplacademy.kartikcomtech.in/vendor/laravel/framework/src/Illuminate/Foundation/Http/Middleware/ConvertEmptyStringsToNull.php(31): Illuminate\\Foundation\\Http\\Middleware\\TransformsRequest->handle(Object(Illuminate\\Http\\Request), Object(Closure))
#56 /home/uxtbuquy/public_html/kcplacademy.kartikcomtech.in/vendor/laravel/framework/src/Illuminate/Pipeline/Pipeline.php(219): Illuminate\\Foundation\\Http\\Middleware\\ConvertEmptyStringsToNull->handle(Object(Illuminate\\Http\\Request), Object(Closure))
#57 /home/uxtbuquy/public_html/kcplacademy.kartikcomtech.in/vendor/laravel/framework/src/Illuminate/Foundation/Http/Middleware/TransformsRequest.php(21): Illuminate\\Pipeline\\Pipeline->Illuminate\\Pipeline\\{closure}(Object(Illuminate\\Http\\Request))
#58 /home/uxtbuquy/public_html/kcplacademy.kartikcomtech.in/vendor/laravel/framework/src/Illuminate/Foundation/Http/Middleware/TrimStrings.php(51): Illuminate\\Foundation\\Http\\Middleware\\TransformsRequest->handle(Object(Illuminate\\Http\\Request), Object(Closure))
#59 /home/uxtbuquy/public_html/kcplacademy.kartikcomtech.in/vendor/laravel/framework/src/Illuminate/Pipeline/Pipeline.php(219): Illuminate\\Foundation\\Http\\Middleware\\TrimStrings->handle(Object(Illuminate\\Http\\Request), Object(Closure))
#60 /home/uxtbuquy/public_html/kcplacademy.kartikcomtech.in/vendor/laravel/framework/src/Illuminate/Http/Middleware/ValidatePostSize.php(27): Illuminate\\Pipeline\\Pipeline->Illuminate\\Pipeline\\{closure}(Object(Illuminate\\Http\\Request))
#61 /home/uxtbuquy/public_html/kcplacademy.kartikcomtech.in/vendor/laravel/framework/src/Illuminate/Pipeline/Pipeline.php(219): Illuminate\\Http\\Middleware\\ValidatePostSize->handle(Object(Illuminate\\Http\\Request), Object(Closure))
#62 /home/uxtbuquy/public_html/kcplacademy.kartikcomtech.in/vendor/laravel/framework/src/Illuminate/Foundation/Http/Middleware/PreventRequestsDuringMaintenance.php(109): Illuminate\\Pipeline\\Pipeline->Illuminate\\Pipeline\\{closure}(Object(Illuminate\\Http\\Request))
#63 /home/uxtbuquy/public_html/kcplacademy.kartikcomtech.in/vendor/laravel/framework/src/Illuminate/Pipeline/Pipeline.php(219): Illuminate\\Foundation\\Http\\Middleware\\PreventRequestsDuringMaintenance->handle(Object(Illuminate\\Http\\Request), Object(Closure))
#64 /home/uxtbuquy/public_html/kcplacademy.kartikcomtech.in/vendor/laravel/framework/src/Illuminate/Http/Middleware/HandleCors.php(61): Illuminate\\Pipeline\\Pipeline->Illuminate\\Pipeline\\{closure}(Object(Illuminate\\Http\\Request))
#65 /home/uxtbuquy/public_html/kcplacademy.kartikcomtech.in/vendor/laravel/framework/src/Illuminate/Pipeline/Pipeline.php(219): Illuminate\\Http\\Middleware\\HandleCors->handle(Object(Illuminate\\Http\\Request), Object(Closure))
#66 /home/uxtbuquy/public_html/kcplacademy.kartikcomtech.in/vendor/laravel/framework/src/Illuminate/Http/Middleware/TrustProxies.php(58): Illuminate\\Pipeline\\Pipeline->Illuminate\\Pipeline\\{closure}(Object(Illuminate\\Http\\Request))
#67 /home/uxtbuquy/public_html/kcplacademy.kartikcomtech.in/vendor/laravel/framework/src/Illuminate/Pipeline/Pipeline.php(219): Illuminate\\Http\\Middleware\\TrustProxies->handle(Object(Illuminate\\Http\\Request), Object(Closure))
#68 /home/uxtbuquy/public_html/kcplacademy.kartikcomtech.in/vendor/laravel/framework/src/Illuminate/Foundation/Http/Middleware/InvokeDeferredCallbacks.php(22): Illuminate\\Pipeline\\Pipeline->Illuminate\\Pipeline\\{closure}(Object(Illuminate\\Http\\Request))
#69 /home/uxtbuquy/public_html/kcplacademy.kartikcomtech.in/vendor/laravel/framework/src/Illuminate/Pipeline/Pipeline.php(219): Illuminate\\Foundation\\Http\\Middleware\\InvokeDeferredCallbacks->handle(Object(Illuminate\\Http\\Request), Object(Closure))
#70 /home/uxtbuquy/public_html/kcplacademy.kartikcomtech.in/vendor/laravel/framework/src/Illuminate/Http/Middleware/ValidatePathEncoding.php(26): Illuminate\\Pipeline\\Pipeline->Illuminate\\Pipeline\\{closure}(Object(Illuminate\\Http\\Request))
#71 /home/uxtbuquy/public_html/kcplacademy.kartikcomtech.in/vendor/laravel/framework/src/Illuminate/Pipeline/Pipeline.php(219): Illuminate\\Http\\Middleware\\ValidatePathEncoding->handle(Object(Illuminate\\Http\\Request), Object(Closure))
#72 /home/uxtbuquy/public_html/kcplacademy.kartikcomtech.in/vendor/laravel/framework/src/Illuminate/Pipeline/Pipeline.php(137): Illuminate\\Pipeline\\Pipeline->Illuminate\\Pipeline\\{closure}(Object(Illuminate\\Http\\Request))
#73 /home/uxtbuquy/public_html/kcplacademy.kartikcomtech.in/vendor/laravel/framework/src/Illuminate/Foundation/Http/Kernel.php(175): Illuminate\\Pipeline\\Pipeline->then(Object(Closure))
#74 /home/uxtbuquy/public_html/kcplacademy.kartikcomtech.in/vendor/laravel/framework/src/Illuminate/Foundation/Http/Kernel.php(144): Illuminate\\Foundation\\Http\\Kernel->sendRequestThroughRouter(Object(Illuminate\\Http\\Request))
#75 /home/uxtbuquy/public_html/kcplacademy.kartikcomtech.in/vendor/laravel/framework/src/Illuminate/Foundation/Application.php(1220): Illuminate\\Foundation\\Http\\Kernel->handle(Object(Illuminate\\Http\\Request))
#76 /home/uxtbuquy/public_html/kcplacademy.kartikcomtech.in/public/index.php(20): Illuminate\\Foundation\\Application->handleRequest(Object(Illuminate\\Http\\Request))
#77 {main}
"} 
[2026-05-28 13:39:35] local.ERROR: Enrollment email failed: Connection could not be established with host "smtp.mailtrap.io:2525": stream_socket_client(): Unable to connect to smtp.mailtrap.io:2525 (Connection refused)  
